name;price;comm;note;full_link;image
Kişiye Özel Fotoğraflı Cüzdan Çakmak Anahtarlık Tesbih Ve Kemer Set 2;59.99;999.0;Aynı Gün Teslimat Seçeneği;https://www.ciceksepeti.com/kisiye-ozel-fotografli-cuzdan-cakmak-anahtarlik-tesbih-ve-kemer-set-2-kc6427;https://cdn03.ciceksepeti.com/cicek/kc6427-1/M/kisiye-ozel-fotografli-cuzdan-cakmak-anahtarlik-tesbih-ve-kemer-set-2-kc6427-1-3a200b67a8eb4286877933de00011ac1.jpg
Kişiye Özel Mekanizmalı Deri Cüzdan;29.9;999.0;Aynı Gün Teslimat Seçeneği;https://www.ciceksepeti.com/mekanizmali-deri-cuzdan-kc2546726;https://cdn03.ciceksepeti.com/cicek/kc2546726-1/M/mekanizmali-deri-cuzdan-kc2546726-1-bab6c77b39f34d8a971753b66bcc6db8.jpg
Üç İsimli Kişiye Özel Kalpler Gümüş Kolye;54.9;999.0;Aynı Gün Teslimat Seçeneği;https://www.ciceksepeti.com/uc-isimli-kisiye-ozel-kalpler-gumus-kolye-kc520528;https://cdn03.ciceksepeti.com/cicek/kc520528-1/M/uc-simli-kisiye-ozel-kalpler-gumus-kolye-kc520528-1-3de7d34258ce47e9985e4d959bb9cf27.jpg
Kişiye Özel İsimli Siyah Benzinli Metal Çakmak;19.99;999.0;Aynı Gün Teslimat Seçeneği;https://www.ciceksepeti.com/kisiye-ozel-isimli-siyah-metal-cakmak-1-kc826450;https://cdn03.ciceksepeti.com/cicek/kc826450-1/M/kisiye-ozel-isimli-siyah-benzinli-metal-cakmak-kc826450-1-753ef953bf93450585197dbbd824c2a7.jpg
Kişiye Özel İsimli Papatya Kolye;19.99;999.0;Aynı Gün Teslimat Seçeneği;https://www.ciceksepeti.com/kisiye-ozel-isimli-papatya-kolye-kc5118532;https://cdn03.ciceksepeti.com/cicek/kc5118532-1/M/kisiye-ozel-simli-papatya-kolye-kc5118532-1-2aca0676276c4ddcb660ef16c6d9e911.jpg
Kişiye Özel Aşkın Kanatları Gümüş Kolye;54.9;999.0;Aynı Gün Teslimat Seçeneği;https://www.ciceksepeti.com/kisiye-ozel-askin-kanatlari-gumus-kolye-kc85707;https://cdn03.ciceksepeti.com/cicek/kc85707-1/M/indigo-taki-marketplace-kisiye-ozel-askin-kanatlari-gumus-kolye-kc85707-1-8d5802846b60985-65752886.jpg
925 Ayar Gümüş İsimli Açılan Papatya Kolye;89.9;999.0;Aynı Gün Teslimat Seçeneği;https://www.ciceksepeti.com/925-ayar-gumus-isimli-acilan-papatya-kolye-kc3299817;https://cdn03.ciceksepeti.com/cicek/kc3299817-1/M/925-ayar-gumus-Isimli-acilan-papatya-kolye-kc3299817-1-6de8ee00f7df4275b15c5f91e12a9555.jpg
Kısa Kollu Siyah Eşofman Takımı;42.9;999.0;;https://www.ciceksepeti.com/siyah-es-siyah-esofman-takimi-kc7898210;https://cdn03.ciceksepeti.com/cicek/kc7898210-1/M/kisa-kollu-siyah-esofman-takimi-kc7898210-1-3d1205124846416cb76c59c68733aa53.jpg
Polo Air Erkek Set Kombin Kemer Cüzdan Kartlık Şık Hediyelik Orijinal Kutusunda;49.9;999.0;Aynı Gün Teslimat Seçeneği;https://www.ciceksepeti.com/polo-air-erkek-set-kombin-kemer-cuzdan-kartlik-sik-hediyelik-orjinal-kutusunda-siyah-kombin-kc782581;https://cdn03.ciceksepeti.com/cicek/kc782581-1/M/polo-air-erkek-set-kombin-kemer-cuzdan-kartlik-sik-hediyelik-orjinal-kutusunda-siyah-kombin-kc782581-1-1.jpg
Altın Kaplama Kar Tanesi Kolye Küpe Bileklik Saat Seti  Hediye Set Ps1081;99.99;999.0;Aynı Gün Teslimat Seçeneği;https://www.ciceksepeti.com/altin-kaplama-kar-tanesi-kolye-kupe-bileklik-saat-seti-hediye-set-ps1081;https://cdn03.ciceksepeti.com/cicek/kcx007387897379-1/M/altin-kaplama-kar-tanesi-kolye-kupe-bileklik-saat-seti-hediye-set-ps1081-kcx007387897379-1-bad79080-9962-45d9-9d21-ad27d8bc7a0a.jpg
Kişiye Özel Telefon Bölmeli Deri Cüzdan;29.9;999.0;Aynı Gün Teslimat Seçeneği;https://www.ciceksepeti.com/kisiye-ozel-telefon-bolmeli-deri-cuzdan-kc1898401;https://cdn03.ciceksepeti.com/cicek/kc1898401-1/M/kisiye-ozel-telefon-bolmeli-deri-cuzdan-kc1898401-1-16c73ee3929f4554a7eb253a4f2836f1.jpg
Kişiye Özel Mekanizmalı Deri Cüzdan;29.9;999.0;Aynı Gün Teslimat Seçeneği;https://www.ciceksepeti.com/mekanizmali-deri-cuzdan-kc9027347;https://cdn03.ciceksepeti.com/cicek/kc9027347-1/M/kisiye-ozel-mekanizmali-deri-cuzdan-kc9027347-1-87dccda571f34a6984f4c1c274578f48.jpg
Kişiye Özel İsimli Mekanizmalı Gerçek Deri Erkek Cüzdanı;69.99;999.0;Aynı Gün Teslimat Seçeneği;https://www.ciceksepeti.com/kisiye-ozel-isimli-mekanizmali-gercek-deri-erkek-cuzdani-kc308247;https://cdn03.ciceksepeti.com/cicek/kc308247-1/M/kisiye-ozel-isimli-mekanizmali-gercek-deri-erkek-cuzdani-kc308247-1-1.jpg
Dört İsimli Kişiye Özel Kalpler Gümüş Kolye;79.9;999.0;Aynı Gün Teslimat Seçeneği;https://www.ciceksepeti.com/dort-isimli-kisiye-ozel-kalpler-gumus-kolye-kc791264;https://cdn03.ciceksepeti.com/cicek/kc791264-1/M/dort-isimli-kisiye-ozel-kalpler-gumus-kolye-kc791264-1-1.jpg
Kalpli Kolye Küpe Bileklik Saat Seti - Hediye Set Ps0401;99.99;999.0;Aynı Gün Teslimat Seçeneği;https://www.ciceksepeti.com/kalpli-kolye-kupe-bileklik-saat-seti-hediye-set-ps0401;https://cdn03.ciceksepeti.com/cicek/kcx2201855/M/glorria-kalpli-kolye-kupe-bileklik-saat-seti-hediye-set-ps0401-kcx2201855-8d6e0354b0d2c33-3923dba.jpg
Rose Melek Kanadı Kolye Bileklik küpe Yüzük Saat  Hediye Set MC0001;99.99;999.0;Aynı Gün Teslimat Seçeneği;https://www.ciceksepeti.com/rose-melek-kanadi-kolye-bileklik-kupe-saat-hediye-set-mc0001-kc2408216;https://cdn03.ciceksepeti.com/cicek/kc2408216-1/M/rose-melek-kanadi-kolye-bileklik-kupe-saat-hediye-set-mc0001-kc2408216-1-0547a3bc286f441294eeeafda86e44d1.jpg
Kişiye Özel İsimli Metal Çakmak Benzinli Zippo;19.99;999.0;Aynı Gün Teslimat Seçeneği;https://www.ciceksepeti.com/kisiye-ozel-isimli-metal-cakmak-benzinli-zippo-kc71048;https://cdn03.ciceksepeti.com/cicek/kc71048-1/M/kisiye-ozel-simli-metal-cakmak-benzinli-zippo-kc71048-1-9b3e0f54f8694a64a2a6b15f2064bc3d.jpg
Altın Kaplama Kişiye Özel Kalp Melek Kanadı Kolye;29.89;997;Aynı Gün Teslimat Seçeneği;https://www.ciceksepeti.com/24-ayar-altin-kaplama-kisiye-ozel-melek-kanadi-kolye-kc369884;https://cdn03.ciceksepeti.com/cicek/kc369884-1/M/altin-kaplama-kisiye-ozel-kalp-melek-kanadi-kolye-kc369884-1-8d10cf89943345dd882234531c9c56d8.jpg
İsimli Çakmak ve Tesbih Kişiye Özel;55.9;957;Ücretsiz Kargo;https://www.ciceksepeti.com/isimli-cakmak-ve-tesbih-kisiye-ozel-kc7604323;https://cdn03.ciceksepeti.com/cicek/kc7604323-1/M/Isimli-cakmak-ve-tesbih-kisiye-ozel-kc7604323-1-5e528f6220944c9d9d36abdfa9875690.jpg
Kişiye Özel Fotoğraflı Cüzdan Çakmak Anahtarlık Tesbih  Ve Kemer Set;59.9;935;Aynı Gün Teslimat Seçeneği;https://www.ciceksepeti.com/kisiye-ozel-fotografli-cuzdan-cakmak-kalem-ve-kemer-set-kc8248554;https://cdn03.ciceksepeti.com/cicek/kc8248554-1/M/kisiye-ozel-fotografli-cuzdan-cakmak-anahtarlik-tesbih-ve-kemer-set-kc8248554-1-71ef953c7b374a1e903bc6d26084184a.jpg
Kartlıklı Cüzdan - TESBİH VE ANAHTARLIK HEDİYE!;19.9;918;;https://www.ciceksepeti.com/cuzdan-kartlik-anahtarlik-hediye-kc2348970;https://cdn03.ciceksepeti.com/cicek/kc2348970-1/M/cuzdan-kartlik-anahtarlk-hedye-kc2348970-1-f7120fae896d4518b380eae0c6541306.jpg
