name_cs;name_et;price_cs;price_et;brut_kar;all_et_fees_tl;net_kar;com_count_cs;com_count_et;rating_et;note_cs;link_et;link_cs;image_et;image_cs
Kişiye Özel Mekanizmalı Deri Cüzdan;Personalised Mens Wallet, Genuine Soft Black Leather Wallet, Personalized Gift for Boyfriend, Fathers Day Gift, Anniversary Gift for Him;29.9;148.98;119.07999999999998;25.166585999999995;77.41341399999999;999.0;160.0;4.92;Aynı Gün Teslimat Seçeneği;https://www.etsy.com/listing/1006687553/personalised-mens-wallet-genuine-soft?ga_order=highest_reviews&ga_search_type=all&ga_view_type=gallery&ga_search_query=Leather+Wallet+with+Personalized+Mechanism&ref=sc_gallery-1-1&plkey=cd634a2de7b529e26c7a1f67e64bc4a45ab21976%3A1006687553&bes=1;https://www.ciceksepeti.com/mekanizmali-deri-cuzdan-kc2546726;https://i.etsystatic.com/29233561/d/il/fdc8ac/3056894398/il_340x270.3056894398_6z7e.jpg?version=0;https://cdn03.ciceksepeti.com/cicek/kc2546726-1/M/mekanizmali-deri-cuzdan-kc2546726-1-bab6c77b39f34d8a971753b66bcc6db8.jpg
Kişiye Özel Mekanizmalı Deri Cüzdan;Personalized Leather Magnetic Money Clip The Sanibel by Left Coast Original;29.9;300.56;270.66;45.735991999999996;208.42400800000001;999.0;15169.0;4.79;Aynı Gün Teslimat Seçeneği;https://www.etsy.com/listing/706764484/personalized-leather-magnetic-money-clip?ga_order=highest_reviews&ga_search_type=all&ga_view_type=gallery&ga_search_query=Leather+Wallet+with+Personalized+Mechanism&ref=sc_gallery-1-2&plkey=e2bdc6b2afa55b7c2933f2a7f3d70a2bc92a6f1c%3A706764484&pro=1;https://www.ciceksepeti.com/mekanizmali-deri-cuzdan-kc2546726;https://i.etsystatic.com/11914445/d/il/0058ed/1986809291/il_340x270.1986809291_q1qc.jpg?version=0;https://cdn03.ciceksepeti.com/cicek/kc2546726-1/M/mekanizmali-deri-cuzdan-kc2546726-1-bab6c77b39f34d8a971753b66bcc6db8.jpg
Kişiye Özel İsimli Siyah Benzinli Metal Çakmak;Metal Family Name Sign, Personalized Anchor Sign, Front Porch Last Name Sign, Anchor Name Sign, Anchor Sign Metal, Anchor Wall Decor;19.99;341.96;321.96999999999997;51.35397199999999;254.11602799999997;999.0;29383.0;4.8;Aynı Gün Teslimat Seçeneği;https://www.etsy.com/listing/775853445/metal-family-name-sign-personalized?ga_order=highest_reviews&ga_search_type=all&ga_view_type=gallery&ga_search_query=Black+Gasoline+Metal+Lighter+with+Personalized+Name&ref=sc_gallery-1-1&plkey=e15f471f5515f472b0a79dca5ee633310d323af7%3A775853445&pro=1;https://www.ciceksepeti.com/kisiye-ozel-isimli-siyah-metal-cakmak-1-kc826450;https://i.etsystatic.com/21299137/d/il/89e773/2176948992/il_340x270.2176948992_nurp.jpg?version=0;https://cdn03.ciceksepeti.com/cicek/kc826450-1/M/kisiye-ozel-isimli-siyah-benzinli-metal-cakmak-kc826450-1-753ef953bf93450585197dbbd824c2a7.jpg
Üç İsimli Kişiye Özel Kalpler Gümüş Kolye;Personalized Name Necklace,925 Silver Sterling Necklace, Custom Gold Name Necklace, Mothers Necklace, Personalized Jewelry, Grandma Gift;54.9;136.44;81.53999999999999;23.464907999999998;41.575092;999.0;;;Aynı Gün Teslimat Seçeneği;https://www.etsy.com/listing/1047118209/personalized-name-necklace925-silver?ga_order=highest_reviews&ga_search_type=all&ga_view_type=gallery&ga_search_query=Three+Names+Personalized+Hearts+Sterling+Silver+Necklace&ref=sc_gallery-1-1&plkey=4e7c6d6940874d3b230ea4b1c3132e7260c3fea1%3A1047118209&pro=1;https://www.ciceksepeti.com/uc-isimli-kisiye-ozel-kalpler-gumus-kolye-kc520528;https://i.etsystatic.com/27193567/d/il/e2ecd9/3235851835/il_340x270.3235851835_jhxq.jpg?version=0;https://cdn03.ciceksepeti.com/cicek/kc520528-1/M/uc-simli-kisiye-ozel-kalpler-gumus-kolye-kc520528-1-3de7d34258ce47e9985e4d959bb9cf27.jpg
Kişiye Özel Mekanizmalı Deri Cüzdan;Anniversary Gift for Him,Personalized Wallet,Mens Wallet,Engraved Wallet,Custom Wallet,Leather Wallet,Boyfriend Gift For Men,Gift for Dad;29.9;250.3;220.4;38.915710000000004;164.98429;999.0;7380.0;4.92;Aynı Gün Teslimat Seçeneği;https://www.etsy.com/listing/719921371/anniversary-gift-for-himpersonalized?ga_order=highest_reviews&ga_search_type=all&ga_view_type=gallery&ga_search_query=Leather+Wallet+with+Personalized+Mechanism&ref=sc_gallery-1-3&plkey=f1a9ba4b4a520cb4c5be05bd1a4f9e88fd03e6d5%3A719921371&pro=1;https://www.ciceksepeti.com/mekanizmali-deri-cuzdan-kc2546726;https://i.etsystatic.com/17860793/c/2803/2228/0/287/il/53b59c/2676570720/il_340x270.2676570720_f11e.jpg;https://cdn03.ciceksepeti.com/cicek/kc2546726-1/M/mekanizmali-deri-cuzdan-kc2546726-1-bab6c77b39f34d8a971753b66bcc6db8.jpg
Kişiye Özel Mekanizmalı Deri Cüzdan;3-layer leather special handmade personalized wallet carries with it for a lifetime, gets better with age;29.9;343.57;313.67;51.57244899999999;245.597551;999.0;;;Aynı Gün Teslimat Seçeneği;https://www.etsy.com/listing/1035370144/3-layer-leather-special-handmade?ga_order=highest_reviews&ga_search_type=all&ga_view_type=gallery&ga_search_query=Leather+Wallet+with+Personalized+Mechanism&ref=sc_gallery-1-4&plkey=a36b7814b6cfa835de50644b4648017e5aadabec%3A1035370144&frs=1;https://www.ciceksepeti.com/mekanizmali-deri-cuzdan-kc2546726;https://i.etsystatic.com/30303777/d/il/ee06a7/3244222701/il_340x270.3244222701_8575.jpg?version=0;https://cdn03.ciceksepeti.com/cicek/kc2546726-1/M/mekanizmali-deri-cuzdan-kc2546726-1-bab6c77b39f34d8a971753b66bcc6db8.jpg
Kişiye Özel İsimli Papatya Kolye;Linked Circle Necklace, Family Necklace, Custom Name Necklace with Kids Name, Engraved Necklace, Personalized Gifts, Birthday Gift For Her;19.99;229.55;209.56;36.099935;156.960065;999.0;254.0;4.41;Aynı Gün Teslimat Seçeneği;https://www.etsy.com/listing/1018454923/linked-circle-necklace-family-necklace?ga_order=highest_reviews&ga_search_type=all&ga_view_type=gallery&ga_search_query=Personalized+Name+Daisy+Necklace&ref=sc_gallery-1-1&plkey=c722b96158913b704eb16072d139a8c0cb237cd3%3A1018454923&pro=1;https://www.ciceksepeti.com/kisiye-ozel-isimli-papatya-kolye-kc5118532;https://i.etsystatic.com/26021212/d/il/d2922f/3079002242/il_340x270.3079002242_285c.jpg?version=0;https://cdn03.ciceksepeti.com/cicek/kc5118532-1/M/kisiye-ozel-simli-papatya-kolye-kc5118532-1-2aca0676276c4ddcb660ef16c6d9e911.jpg
Kişiye Özel İsimli Siyah Benzinli Metal Çakmak;Engraved Travel Tumbler 16oz, Father's Day Gift, Personalized Travel Mug, Spill Proof Travel Mug, Custom Insulated Travel Mug, Coffee Mug;19.99;286.68;266.69;43.852476;206.337524;999.0;1730.0;4.95;Aynı Gün Teslimat Seçeneği;https://www.etsy.com/listing/985949771/engraved-travel-tumbler-16oz-fathers-day?ga_order=highest_reviews&ga_search_type=all&ga_view_type=gallery&ga_search_query=Black+Gasoline+Metal+Lighter+with+Personalized+Name&ref=sc_gallery-1-2&plkey=cb827ad349fbf7473d7638224ec919f5428e1f87%3A985949771&bes=1;https://www.ciceksepeti.com/kisiye-ozel-isimli-siyah-metal-cakmak-1-kc826450;https://i.etsystatic.com/19252512/d/il/1bf474/2960206896/il_340x270.2960206896_nk1l.jpg?version=0;https://cdn03.ciceksepeti.com/cicek/kc826450-1/M/kisiye-ozel-isimli-siyah-benzinli-metal-cakmak-kc826450-1-753ef953bf93450585197dbbd824c2a7.jpg
Kişiye Özel İsimli Siyah Benzinli Metal Çakmak;Personalized Family Name Sign | Metal Wall Art | Metal Last Name Sign | Established Family Name Sign | Housewarming Gift | Monogram Sign;19.99;366.64;346.65;54.703047999999995;275.446952;999.0;216.0;4.71;Aynı Gün Teslimat Seçeneği;https://www.etsy.com/listing/901477511/personalized-family-name-sign-metal-wall?ga_order=highest_reviews&ga_search_type=all&ga_view_type=gallery&ga_search_query=Black+Gasoline+Metal+Lighter+with+Personalized+Name&ref=sc_gallery-1-3&plkey=cec5bc0d7278f1f13c0cd245b6d93e3d37c66930%3A901477511&frs=1;https://www.ciceksepeti.com/kisiye-ozel-isimli-siyah-metal-cakmak-1-kc826450;https://i.etsystatic.com/22560550/c/1340/1065/939/441/il/215a1a/2696871915/il_340x270.2696871915_1imc.jpg;https://cdn03.ciceksepeti.com/cicek/kc826450-1/M/kisiye-ozel-isimli-siyah-benzinli-metal-cakmak-kc826450-1-753ef953bf93450585197dbbd824c2a7.jpg
Üç İsimli Kişiye Özel Kalpler Gümüş Kolye;Personalized Name Necklace Sterling Silver New Mom Bridesmaid Gift Jewelry for Women;54.9;148.89;93.98999999999998;25.154373;52.33562699999998;999.0;;;Aynı Gün Teslimat Seçeneği;https://www.etsy.com/listing/1028008806/personalized-name-necklace-sterling?ga_order=highest_reviews&ga_search_type=all&ga_view_type=gallery&ga_search_query=Three+Names+Personalized+Hearts+Sterling+Silver+Necklace&ref=sc_gallery-1-2&plkey=c3482b6182570ff6e7b2629b174ef731cfeeef4a%3A1028008806&pro=1;https://www.ciceksepeti.com/uc-isimli-kisiye-ozel-kalpler-gumus-kolye-kc520528;https://i.etsystatic.com/30066024/d/il/15ab58/3215932703/il_340x270.3215932703_i1zk.jpg?version=0;https://cdn03.ciceksepeti.com/cicek/kc520528-1/M/uc-simli-kisiye-ozel-kalpler-gumus-kolye-kc520528-1-3de7d34258ce47e9985e4d959bb9cf27.jpg
Üç İsimli Kişiye Özel Kalpler Gümüş Kolye;Personalized Name Heart Necklace/Customized Opened Necklaces in Sterling Silver,Gold Plated/Personalized Gift/Gift for Woman/Birthday Gift;54.9;218.11;163.21;34.547527;112.162473;999.0;;;Aynı Gün Teslimat Seçeneği;https://www.etsy.com/listing/1044825541/personalized-name-heart?ga_order=highest_reviews&ga_search_type=all&ga_view_type=gallery&ga_search_query=Three+Names+Personalized+Hearts+Sterling+Silver+Necklace&ref=sc_gallery-1-3&plkey=e4f7990c0ed7fb1f2f17373e79ae1ac1a9c1d0a5%3A1044825541&pro=1;https://www.ciceksepeti.com/uc-isimli-kisiye-ozel-kalpler-gumus-kolye-kc520528;https://i.etsystatic.com/28269764/c/492/391/54/0/il/4c12cc/3226927889/il_340x270.3226927889_i5ww.jpg;https://cdn03.ciceksepeti.com/cicek/kc520528-1/M/uc-simli-kisiye-ozel-kalpler-gumus-kolye-kc520528-1-3de7d34258ce47e9985e4d959bb9cf27.jpg
Kişiye Özel Mekanizmalı Deri Cüzdan;Renna Genuine Leather Mechanical Wallet with RFID Protection Brown Mechanism Leather Card Holder Wallet Handmade, Personalization possible;29.9;409.39;379.49;60.504222999999996;302.485777;999.0;419.0;4.75;Aynı Gün Teslimat Seçeneği;https://www.etsy.com/listing/734968234/renna-genuine-leather-mechanical-wallet?ga_order=highest_reviews&ga_search_type=all&ga_view_type=gallery&ga_search_query=Leather+Wallet+with+Personalized+Mechanism&ref=sr_gallery-1-1&organic_search_click=1&pro=1&frs=1;https://www.ciceksepeti.com/mekanizmali-deri-cuzdan-kc2546726;https://i.etsystatic.com/16665319/c/1538/1222/92/197/il/be9f0c/2983033479/il_340x270.2983033479_pp12.jpg;https://cdn03.ciceksepeti.com/cicek/kc2546726-1/M/mekanizmali-deri-cuzdan-kc2546726-1-bab6c77b39f34d8a971753b66bcc6db8.jpg
Kişiye Özel Mekanizmalı Deri Cüzdan;Renna Genuine Leather Mechanical Wallet with RFID Protection Mechanism Leather Card Holder Wallet Handmade (Personalization possible);29.9;409.39;379.49;60.504222999999996;302.485777;999.0;419.0;4.75;Aynı Gün Teslimat Seçeneği;https://www.etsy.com/listing/882822310/renna-genuine-leather-mechanical-wallet?ga_order=highest_reviews&ga_search_type=all&ga_view_type=gallery&ga_search_query=Leather+Wallet+with+Personalized+Mechanism&ref=sr_gallery-1-2&organic_search_click=1&pro=1&frs=1;https://www.ciceksepeti.com/mekanizmali-deri-cuzdan-kc2546726;https://i.etsystatic.com/16665319/d/il/0bf81a/2751665147/il_340x270.2751665147_pnxs.jpg?version=0;https://cdn03.ciceksepeti.com/cicek/kc2546726-1/M/mekanizmali-deri-cuzdan-kc2546726-1-bab6c77b39f34d8a971753b66bcc6db8.jpg
Kişiye Özel İsimli Papatya Kolye;Interlocking Circle Name Necklace, Engraved Name Necklace, Family Name Necklace with Kids Name, Birthday Gift for Mom, Gift for Grandma;19.99;223.89;203.89999999999998;35.331872999999995;152.06812699999998;999.0;105.0;4.32;Aynı Gün Teslimat Seçeneği;https://www.etsy.com/listing/1029765296/interlocking-circle-name-necklace?ga_order=highest_reviews&ga_search_type=all&ga_view_type=gallery&ga_search_query=Personalized+Name+Daisy+Necklace&ref=sc_gallery-1-2&plkey=ea6cd5da4bf4405c700192778b1a7dbeefffe8d6%3A1029765296&pro=1&frs=1;https://www.ciceksepeti.com/kisiye-ozel-isimli-papatya-kolye-kc5118532;https://i.etsystatic.com/26173921/c/1941/1543/0/199/il/754c78/3233658649/il_340x270.3233658649_gpkf.jpg;https://cdn03.ciceksepeti.com/cicek/kc5118532-1/M/kisiye-ozel-simli-papatya-kolye-kc5118532-1-2aca0676276c4ddcb660ef16c6d9e911.jpg
Kişiye Özel İsimli Papatya Kolye;18K Gold Plated Name necklace,Personalized Necklace,Name Necklace,Necklace For Women,Custom Nameplate Necklace,Kids Name Necklace,Mom Gift;19.99;142.85;122.86;24.334745;82.025255;999.0;145.0;4.39;Aynı Gün Teslimat Seçeneği;https://www.etsy.com/listing/968986667/18k-gold-plated-name?ga_order=highest_reviews&ga_search_type=all&ga_view_type=gallery&ga_search_query=Personalized+Name+Daisy+Necklace&ref=sc_gallery-1-3&plkey=84e82bfe31b97ec63f6dbc33f82199d0f89b1a03%3A968986667&pro=1;https://www.ciceksepeti.com/kisiye-ozel-isimli-papatya-kolye-kc5118532;https://i.etsystatic.com/26031617/d/il/4ed5e9/2913554796/il_340x270.2913554796_6nf8.jpg?version=0;https://cdn03.ciceksepeti.com/cicek/kc5118532-1/M/kisiye-ozel-simli-papatya-kolye-kc5118532-1-2aca0676276c4ddcb660ef16c6d9e911.jpg
Kişiye Özel İsimli Siyah Benzinli Metal Çakmak;Personalized Metal Angel Wings Name Sign, Metal Wall Art,  Customized Home Decoration, Wedding, New Home , Housewarming Gift;19.99;311.2;291.21;47.17983999999999;227.53016;999.0;27.0;4.84;Aynı Gün Teslimat Seçeneği;https://www.etsy.com/listing/969831090/personalized-metal-angel-wings-name-sign?ga_order=highest_reviews&ga_search_type=all&ga_view_type=gallery&ga_search_query=Black+Gasoline+Metal+Lighter+with+Personalized+Name&ref=sc_gallery-1-4&plkey=195b0d861f41cec6b6fcfba322b1e079906ae458%3A969831090&pro=1;https://www.ciceksepeti.com/kisiye-ozel-isimli-siyah-metal-cakmak-1-kc826450;https://i.etsystatic.com/19195822/d/il/38c4e4/3234576763/il_340x270.3234576763_1ab1.jpg?version=0;https://cdn03.ciceksepeti.com/cicek/kc826450-1/M/kisiye-ozel-isimli-siyah-benzinli-metal-cakmak-kc826450-1-753ef953bf93450585197dbbd824c2a7.jpg
Üç İsimli Kişiye Özel Kalpler Gümüş Kolye;Personalized Name Necklace, Sterling Silver/Gold/Rose Gold, Gift for Her, Custom Necklace, Dainty Necklace, Birthday Gift, Bridesmaid Gift;54.9;258.44;203.54;40.020308;147.019692;999.0;38.0;4.63;Aynı Gün Teslimat Seçeneği;https://www.etsy.com/listing/1046754315/personalized-name-necklace-sterling?ga_order=highest_reviews&ga_search_type=all&ga_view_type=gallery&ga_search_query=Three+Names+Personalized+Hearts+Sterling+Silver+Necklace&ref=sc_gallery-1-4&plkey=9dfe565aca1f2b7c1451a15c33ef66a96083fd6d%3A1046754315&pro=1&frs=1;https://www.ciceksepeti.com/uc-isimli-kisiye-ozel-kalpler-gumus-kolye-kc520528;https://i.etsystatic.com/28575344/c/1769/1406/98/408/il/b14120/3186779310/il_340x270.3186779310_9mf3.jpg;https://cdn03.ciceksepeti.com/cicek/kc520528-1/M/uc-simli-kisiye-ozel-kalpler-gumus-kolye-kc520528-1-3de7d34258ce47e9985e4d959bb9cf27.jpg
Kişiye Özel İsimli Papatya Kolye;Custom Letter Necklace, Personalized Name Necklace, Initial Necklace, Sterling Silver with 18K Gold Plated Necklace, Mom Gift, Gift for Her;19.99;142.99;123.00000000000001;24.353743;82.14625700000002;999.0;353.0;4.3;Aynı Gün Teslimat Seçeneği;https://www.etsy.com/listing/1011890964/custom-letter-necklace-personalized-name?ga_order=highest_reviews&ga_search_type=all&ga_view_type=gallery&ga_search_query=Personalized+Name+Daisy+Necklace&ref=sc_gallery-1-4&plkey=420ad9424753dd542f582a2fd1b316c5b7364b8f%3A1011890964&pro=1&frs=1;https://www.ciceksepeti.com/kisiye-ozel-isimli-papatya-kolye-kc5118532;https://i.etsystatic.com/21974214/c/1481/1177/265/259/il/63f6c4/3159327211/il_340x270.3159327211_lckp.jpg;https://cdn03.ciceksepeti.com/cicek/kc5118532-1/M/kisiye-ozel-simli-papatya-kolye-kc5118532-1-2aca0676276c4ddcb660ef16c6d9e911.jpg
Kişiye Özel İsimli Papatya Kolye;Personalized Daisy Flower Name Necklace, Customized 925K Silver Name Necklace, Gift for Mum, Gift for Her, Best Friend Gift from London;19.99;248.05;228.06;38.61038500000001;172.949615;999.0;4.0;5.0;Aynı Gün Teslimat Seçeneği;https://www.etsy.com/listing/1020540224/personalized-daisy-flower-name-necklace?ga_order=highest_reviews&ga_search_type=all&ga_view_type=gallery&ga_search_query=Personalized+Name+Daisy+Necklace&ref=sr_gallery-1-1&organic_search_click=1&frs=1&cns=1;https://www.ciceksepeti.com/kisiye-ozel-isimli-papatya-kolye-kc5118532;https://i.etsystatic.com/29603832/d/il/7e8ed3/3187851065/il_340x270.3187851065_qvi3.jpg?version=0;https://cdn03.ciceksepeti.com/cicek/kc5118532-1/M/kisiye-ozel-simli-papatya-kolye-kc5118532-1-2aca0676276c4ddcb660ef16c6d9e911.jpg
Kişiye Özel İsimli Siyah Benzinli Metal Çakmak;Personalised Metal Black  Clipper Lighter, engraved text name silver Comes in Gift Tin Metal clipper box bridesmaid gift;19.99;152.92;132.92999999999998;25.701243999999996;90.72875599999998;999.0;27.0;4.7;Aynı Gün Teslimat Seçeneği;https://www.etsy.com/listing/934949732/personalised-metal-black-clipper-lighter?ga_order=highest_reviews&ga_search_type=all&ga_view_type=gallery&ga_search_query=Black+Gasoline+Metal+Lighter+with+Personalized+Name&ref=sr_gallery-1-1&organic_search_click=1&pro=1;https://www.ciceksepeti.com/kisiye-ozel-isimli-siyah-metal-cakmak-1-kc826450;https://i.etsystatic.com/27405844/d/il/465073/2866541207/il_340x270.2866541207_7d1a.jpg?version=0;https://cdn03.ciceksepeti.com/cicek/kc826450-1/M/kisiye-ozel-isimli-siyah-benzinli-metal-cakmak-kc826450-1-753ef953bf93450585197dbbd824c2a7.jpg
Kişiye Özel İsimli Siyah Benzinli Metal Çakmak;Personalised Metal Black  Clipper Lighter, engraved text name silver Comes in Gift Tin Bridesmaid Gift Metal clipper box Groomsmen Gift;19.99;169.01;149.01999999999998;27.884656999999997;104.63534299999998;999.0;27.0;4.7;Aynı Gün Teslimat Seçeneği;https://www.etsy.com/listing/948895563/personalised-metal-black-clipper-lighter?ga_order=highest_reviews&ga_search_type=all&ga_view_type=gallery&ga_search_query=Black+Gasoline+Metal+Lighter+with+Personalized+Name&ref=sr_gallery-1-2&organic_search_click=1&pro=1;https://www.ciceksepeti.com/kisiye-ozel-isimli-siyah-metal-cakmak-1-kc826450;https://i.etsystatic.com/27405844/d/il/343a2e/2818931690/il_340x270.2818931690_81l3.jpg?version=0;https://cdn03.ciceksepeti.com/cicek/kc826450-1/M/kisiye-ozel-isimli-siyah-benzinli-metal-cakmak-kc826450-1-753ef953bf93450585197dbbd824c2a7.jpg
Üç İsimli Kişiye Özel Kalpler Gümüş Kolye;Custom 3 Hearts Zirconia Name Necklace / Personalized 3 Hearts Necklace / Three Hearts Name Necklace / 925 Solid Sterling Silver Necklace;54.9;321.48;266.58000000000004;48.574836;201.50516400000004;999.0;552.0;4.5;Aynı Gün Teslimat Seçeneği;https://www.etsy.com/listing/796624527/custom-3-hearts-zirconia-name-necklace?ga_order=highest_reviews&ga_search_type=all&ga_view_type=gallery&ga_search_query=Three+Names+Personalized+Hearts+Sterling+Silver+Necklace&ref=sr_gallery-1-1&organic_search_click=1;https://www.ciceksepeti.com/uc-isimli-kisiye-ozel-kalpler-gumus-kolye-kc520528;https://i.etsystatic.com/22014248/c/500/397/230/354/il/8abe96/2267182886/il_340x270.2267182886_ep1d.jpg;https://cdn03.ciceksepeti.com/cicek/kc520528-1/M/uc-simli-kisiye-ozel-kalpler-gumus-kolye-kc520528-1-3de7d34258ce47e9985e4d959bb9cf27.jpg
Üç İsimli Kişiye Özel Kalpler Gümüş Kolye;Sterling Silver Initial Necklace - Dainty Heart Initial Necklace -  Hand Stamped Personalized Jewelry;54.9;245.38;190.48;38.248065999999994;135.731934;999.0;1321.0;4.84;Aynı Gün Teslimat Seçeneği;https://www.etsy.com/listing/701895969/sterling-silver-initial-necklace-dainty?ga_order=highest_reviews&ga_search_type=all&ga_view_type=gallery&ga_search_query=Three+Names+Personalized+Hearts+Sterling+Silver+Necklace&ref=sr_gallery-1-2&organic_search_click=1&pro=1;https://www.ciceksepeti.com/uc-isimli-kisiye-ozel-kalpler-gumus-kolye-kc520528;https://i.etsystatic.com/6807960/d/il/9e8465/1858792630/il_340x270.1858792630_96kf.jpg?version=0;https://cdn03.ciceksepeti.com/cicek/kc520528-1/M/uc-simli-kisiye-ozel-kalpler-gumus-kolye-kc520528-1-3de7d34258ce47e9985e4d959bb9cf27.jpg
Kişiye Özel İsimli Papatya Kolye;Daisy Name Necklace, Personalized Daisy Necklace, Daisy Pendant Necklace, Custom Daisy Necklace, gift for Mum, gift for her, Bridesmaid gift;19.99;235.75;215.76;36.941275000000005;162.31872499999997;999.0;25.0;4.88;Aynı Gün Teslimat Seçeneği;https://www.etsy.com/listing/958429406/daisy-name-necklace-personalized-daisy?ga_order=highest_reviews&ga_search_type=all&ga_view_type=gallery&ga_search_query=Personalized+Name+Daisy+Necklace&ref=sr_gallery-1-2&organic_search_click=1;https://www.ciceksepeti.com/kisiye-ozel-isimli-papatya-kolye-kc5118532;https://i.etsystatic.com/23507151/c/1680/1335/316/632/il/7905a2/3103909937/il_340x270.3103909937_8rkp.jpg;https://cdn03.ciceksepeti.com/cicek/kc5118532-1/M/kisiye-ozel-simli-papatya-kolye-kc5118532-1-2aca0676276c4ddcb660ef16c6d9e911.jpg
Kişiye Özel Aşkın Kanatları Gümüş Kolye;Personalized Name Necklace,925 Silver Sterling Necklace, Custom Gold Name Necklace, Mothers Necklace, Personalized Jewelry, Grandma Gift;54.9;136.44;81.53999999999999;23.464907999999998;41.575092;999.0;;;Aynı Gün Teslimat Seçeneği;https://www.etsy.com/listing/1047118209/personalized-name-necklace925-silver?ga_order=highest_reviews&ga_search_type=all&ga_view_type=gallery&ga_search_query=Personalized+Wings+of+Love+Sterling+Silver+Necklace&ref=sc_gallery-1-1&plkey=0de7194754fee116f81e758a3f64d4402d2b80d9%3A1047118209&pro=1&adb=1;https://www.ciceksepeti.com/kisiye-ozel-askin-kanatlari-gumus-kolye-kc85707;https://i.etsystatic.com/27193567/d/il/e2ecd9/3235851835/il_340x270.3235851835_jhxq.jpg?version=0;https://cdn03.ciceksepeti.com/cicek/kc85707-1/M/indigo-taki-marketplace-kisiye-ozel-askin-kanatlari-gumus-kolye-kc85707-1-8d5802846b60985-65752886.jpg
Kişiye Özel Aşkın Kanatları Gümüş Kolye;Personalized Mother's Necklace, Spiral Stamped Names, Bowl Shaped, Cup of Love Necklace, Sterling Silver, Gift for Her, Christmas Gift;54.9;366.64;311.74;54.703047999999995;240.536952;999.0;1612.0;4.86;Aynı Gün Teslimat Seçeneği;https://www.etsy.com/listing/624313834/personalized-mothers-necklace-spiral?ga_order=highest_reviews&ga_search_type=all&ga_view_type=gallery&ga_search_query=Personalized+Wings+of+Love+Sterling+Silver+Necklace&ref=sc_gallery-1-2&plkey=25e7db1a0ef3d52dcd9116f5c1d94d362c3c3eb7%3A624313834&adb=1;https://www.ciceksepeti.com/kisiye-ozel-askin-kanatlari-gumus-kolye-kc85707;https://i.etsystatic.com/5818231/c/1313/1043/5/0/il/0dbbde/1596529952/il_340x270.1596529952_jbcm.jpg;https://cdn03.ciceksepeti.com/cicek/kc85707-1/M/indigo-taki-marketplace-kisiye-ozel-askin-kanatlari-gumus-kolye-kc85707-1-8d5802846b60985-65752886.jpg
Kişiye Özel Aşkın Kanatları Gümüş Kolye;Phoenix 925 Sterling Silver Charm | Personalized Gift | Dainty Necklace | Simurg Necklace | Phoenix Necklace | Minimalist Necklace |;54.9;103.02;48.12;18.929814;12.690185999999997;999.0;4972.0;4.89;Aynı Gün Teslimat Seçeneği;https://www.etsy.com/listing/964520063/phoenix-925-sterling-silver-charm?ga_order=highest_reviews&ga_search_type=all&ga_view_type=gallery&ga_search_query=Personalized+Wings+of+Love+Sterling+Silver+Necklace&ref=sc_gallery-1-3&plkey=4f2732410217d1869c1a118423e087828748a218%3A964520063&pro=1&adb=1;https://www.ciceksepeti.com/kisiye-ozel-askin-kanatlari-gumus-kolye-kc85707;https://i.etsystatic.com/11019762/c/1120/890/306/287/il/fb77fc/2878622398/il_340x270.2878622398_czfp.jpg;https://cdn03.ciceksepeti.com/cicek/kc85707-1/M/indigo-taki-marketplace-kisiye-ozel-askin-kanatlari-gumus-kolye-kc85707-1-8d5802846b60985-65752886.jpg
925 Ayar Gümüş İsimli Açılan Papatya Kolye;Personalized Name Necklace,925 Silver Sterling Necklace, Custom Gold Name Necklace, Mothers Necklace, Personalized Jewelry, Grandma Gift;89.9;136.44;46.53999999999999;23.464907999999998;6.575091999999994;999.0;;;Aynı Gün Teslimat Seçeneği;https://www.etsy.com/listing/1047118209/personalized-name-necklace925-silver?ga_order=highest_reviews&ga_search_type=all&ga_view_type=gallery&ga_search_query=925+Sterling+Silver+Name+Open+Daisy+Necklace&ref=sc_gallery-1-1&plkey=1b449cf88428633c7cf69452e4df5d2542edc59c%3A1047118209&pro=1;https://www.ciceksepeti.com/925-ayar-gumus-isimli-acilan-papatya-kolye-kc3299817;https://i.etsystatic.com/27193567/d/il/e2ecd9/3235851835/il_340x270.3235851835_jhxq.jpg?version=0;https://cdn03.ciceksepeti.com/cicek/kc3299817-1/M/925-ayar-gumus-Isimli-acilan-papatya-kolye-kc3299817-1-6de8ee00f7df4275b15c5f91e12a9555.jpg
Kişiye Özel Aşkın Kanatları Gümüş Kolye;Initial Disc Necklace, Birthstone Necklace, Family Necklace, Gift for Mom, Personalized Gift for Her, Hand Stamped, Sterling Silver;54.9;310.01;255.10999999999999;47.018356999999995;191.59164299999998;999.0;63.0;4.94;Aynı Gün Teslimat Seçeneği;https://www.etsy.com/listing/1035839216/initial-disc-necklace-birthstone?ga_order=highest_reviews&ga_search_type=all&ga_view_type=gallery&ga_search_query=Personalized+Wings+of+Love+Sterling+Silver+Necklace&ref=sc_gallery-1-4&plkey=d59bbccae3e23b7b0961d96be998c5c246d672eb%3A1035839216&pro=1&adb=1;https://www.ciceksepeti.com/kisiye-ozel-askin-kanatlari-gumus-kolye-kc85707;https://i.etsystatic.com/24315436/c/2244/1783/0/930/il/f92b48/3246698087/il_340x270.3246698087_baiz.jpg;https://cdn03.ciceksepeti.com/cicek/kc85707-1/M/indigo-taki-marketplace-kisiye-ozel-askin-kanatlari-gumus-kolye-kc85707-1-8d5802846b60985-65752886.jpg
Kişiye Özel Aşkın Kanatları Gümüş Kolye;Sterling Silver Love Wings Locket Necklace;54.9;583.49;528.59;84.129593;427.96040700000003;999.0;4282.0;4.91;Aynı Gün Teslimat Seçeneği;https://www.etsy.com/listing/532878498/sterling-silver-love-wings-locket?ga_order=highest_reviews&ga_search_type=all&ga_view_type=gallery&ga_search_query=Personalized+Wings+of+Love+Sterling+Silver+Necklace&ref=sr_gallery-1-1&organic_search_click=1;https://www.ciceksepeti.com/kisiye-ozel-askin-kanatlari-gumus-kolye-kc85707;https://i.etsystatic.com/14534348/d/il/db3440/1300737045/il_340x270.1300737045_a3er.jpg?version=0;https://cdn03.ciceksepeti.com/cicek/kc85707-1/M/indigo-taki-marketplace-kisiye-ozel-askin-kanatlari-gumus-kolye-kc85707-1-8d5802846b60985-65752886.jpg
925 Ayar Gümüş İsimli Açılan Papatya Kolye;Asmaul Husna Necklace | 99 Names of Allah Necklace Gold | Islamic Jewellery | 18K Gold Plated on 925 Sterling Silver Islamic Gift for Muslim;89.9;451.4;361.5;66.20498;278.79502;999.0;39.0;4.44;Aynı Gün Teslimat Seçeneği;https://www.etsy.com/listing/997514152/asmaul-husna-necklace-99-names-of-allah?ga_order=highest_reviews&ga_search_type=all&ga_view_type=gallery&ga_search_query=925+Sterling+Silver+Name+Open+Daisy+Necklace&ref=sc_gallery-1-2&plkey=6f60b61dbd340d1cc22b6e03994231ed6de23b02%3A997514152&pro=1&frs=1;https://www.ciceksepeti.com/925-ayar-gumus-isimli-acilan-papatya-kolye-kc3299817;https://i.etsystatic.com/17869426/c/800/635/0/164/il/814b61/3168833055/il_340x270.3168833055_ohi6.jpg;https://cdn03.ciceksepeti.com/cicek/kc3299817-1/M/925-ayar-gumus-Isimli-acilan-papatya-kolye-kc3299817-1-6de8ee00f7df4275b15c5f91e12a9555.jpg
925 Ayar Gümüş İsimli Açılan Papatya Kolye;Custom Name Heart 925 Sterling Silver Pendant Necklace;89.9;617.03;527.13;88.68097099999999;421.949029;999.0;333.0;4.79;Aynı Gün Teslimat Seçeneği;https://www.etsy.com/listing/1036286258/custom-name-heart-925-sterling-silver?ga_order=highest_reviews&ga_search_type=all&ga_view_type=gallery&ga_search_query=925+Sterling+Silver+Name+Open+Daisy+Necklace&ref=sc_gallery-1-3&plkey=58fe539f7889698adf156afc5ab93f8437aa1f06%3A1036286258&pro=1;https://www.ciceksepeti.com/925-ayar-gumus-isimli-acilan-papatya-kolye-kc3299817;https://i.etsystatic.com/19249405/d/il/79186d/3247873293/il_340x270.3247873293_kohi.jpg?version=0;https://cdn03.ciceksepeti.com/cicek/kc3299817-1/M/925-ayar-gumus-Isimli-acilan-papatya-kolye-kc3299817-1-6de8ee00f7df4275b15c5f91e12a9555.jpg
Kişiye Özel Aşkın Kanatları Gümüş Kolye;Personalized Cremation Urn Memorial Necklace with Sterling Silver Angel Wing charm and name/human ashes necklace/pet ashes memorial;54.9;861.13;806.23;121.805341;667.924659;999.0;943.0;4.86;Aynı Gün Teslimat Seçeneği;https://www.etsy.com/listing/236891860/personalized-cremation-urn-memorial?ga_order=highest_reviews&ga_search_type=all&ga_view_type=gallery&ga_search_query=Personalized+Wings+of+Love+Sterling+Silver+Necklace&ref=sr_gallery-1-2&organic_search_click=1&frs=1;https://www.ciceksepeti.com/kisiye-ozel-askin-kanatlari-gumus-kolye-kc85707;https://i.etsystatic.com/6487760/c/369/293/0/49/il/49b1a7/1383831173/il_340x270.1383831173_shgg.jpg;https://cdn03.ciceksepeti.com/cicek/kc85707-1/M/indigo-taki-marketplace-kisiye-ozel-askin-kanatlari-gumus-kolye-kc85707-1-8d5802846b60985-65752886.jpg
925 Ayar Gümüş İsimli Açılan Papatya Kolye;925 Sterling Silver Name Necklace, Personalized Jewelry, Custom Name Jewelry, Personalized Gift, Mothers Day Gift, Gift for Mom, Gifts;89.9;232.51;142.60999999999999;36.501607;89.60839299999998;999.0;;;Aynı Gün Teslimat Seçeneği;https://www.etsy.com/listing/1029271974/925-sterling-silver-name-necklace?ga_order=highest_reviews&ga_search_type=all&ga_view_type=gallery&ga_search_query=925+Sterling+Silver+Name+Open+Daisy+Necklace&ref=sc_gallery-1-4&plkey=140530f9916b24b3df1fc3275947659927bc264e%3A1029271974&frs=1&col=1;https://www.ciceksepeti.com/925-ayar-gumus-isimli-acilan-papatya-kolye-kc3299817;https://i.etsystatic.com/21165012/d/il/dfb621/3220894055/il_340x270.3220894055_bjka.jpg?version=0;https://cdn03.ciceksepeti.com/cicek/kc3299817-1/M/925-ayar-gumus-Isimli-acilan-papatya-kolye-kc3299817-1-6de8ee00f7df4275b15c5f91e12a9555.jpg
925 Ayar Gümüş İsimli Açılan Papatya Kolye;"925 Sterling Silver 0.9mm (015 G) Box Chain Necklace, 14"" to 30"" Available.(Made in Italy)";89.9;26.74;-63.16000000000001;8.578618;-88.23861800000002;999.0;4686.0;4.91;Aynı Gün Teslimat Seçeneği;https://www.etsy.com/listing/583149376/925-sterling-silver-09mm-015-g-box-chain?ga_order=highest_reviews&ga_search_type=all&ga_view_type=gallery&ga_search_query=925+Sterling+Silver+Name+Open+Daisy+Necklace&ref=sr_gallery-1-1&organic_search_click=1&bes=1;https://www.ciceksepeti.com/925-ayar-gumus-isimli-acilan-papatya-kolye-kc3299817;https://i.etsystatic.com/11468979/d/il/5245d5/1914169935/il_340x270.1914169935_fcfk.jpg?version=0;https://cdn03.ciceksepeti.com/cicek/kc3299817-1/M/925-ayar-gumus-Isimli-acilan-papatya-kolye-kc3299817-1-6de8ee00f7df4275b15c5f91e12a9555.jpg
925 Ayar Gümüş İsimli Açılan Papatya Kolye;925 Sterling Silver Rope Chain Necklace Italy 1.2mm 1.5mm 2.00mm 2.5mm 2.7mm 3.20mm 3.6mm 4.5mm  5.7mm, Lobster Clasp, New, Gift, Men, Woman;89.9;109.28;19.379999999999995;19.779296000000002;-16.899296000000007;999.0;8675.0;4.89;Aynı Gün Teslimat Seçeneği;https://www.etsy.com/listing/747487150/925-sterling-silver-rope-chain-necklace?ga_order=highest_reviews&ga_search_type=all&ga_view_type=gallery&ga_search_query=925+Sterling+Silver+Name+Open+Daisy+Necklace&ref=sr_gallery-1-2&organic_search_click=1&pro=1;https://www.ciceksepeti.com/925-ayar-gumus-isimli-acilan-papatya-kolye-kc3299817;https://i.etsystatic.com/17394950/c/1583/1258/0/412/il/4046e8/3027926768/il_340x270.3027926768_biw8.jpg;https://cdn03.ciceksepeti.com/cicek/kc3299817-1/M/925-ayar-gumus-Isimli-acilan-papatya-kolye-kc3299817-1-6de8ee00f7df4275b15c5f91e12a9555.jpg
Kısa Kollu Siyah Eşofman Takımı;Unisex Black Shirt and Trousers Set / The Most Trendy Set of Summer / Comfortable and Stylish Set / Gıft for Him / Black Shirt / Black pants;42.9;782.47;739.57;111.131179;611.9388210000001;999.0;;;;https://www.etsy.com/listing/1026688452/unisex-black-shirt-and-trousers-set-the?ga_order=highest_reviews&ga_search_type=all&ga_view_type=gallery&ga_search_query=Short+Sleeve+Black+Tracksuit+Set&ref=sc_gallery-1-1&plkey=5787afef04d0efbdf60d2ae5ff9a36734e9ab797%3A1026688452&pro=1&frs=1;https://www.ciceksepeti.com/siyah-es-siyah-esofman-takimi-kc7898210;https://i.etsystatic.com/28054324/c/1016/807/0/0/il/12da7e/3163172388/il_340x270.3163172388_klnh.jpg;https://cdn03.ciceksepeti.com/cicek/kc7898210-1/M/kisa-kollu-siyah-esofman-takimi-kc7898210-1-3d1205124846416cb76c59c68733aa53.jpg
Kısa Kollu Siyah Eşofman Takımı;5pc short handle synthetic travel set with EVA and box, black;42.9;178.76;135.85999999999999;29.207731999999996;90.15226799999999;999.0;;;;https://www.etsy.com/listing/1049710003/5pc-short-handle-synthetic-travel-set?ga_order=highest_reviews&ga_search_type=all&ga_view_type=gallery&ga_search_query=Short+Sleeve+Black+Tracksuit+Set&ref=sc_gallery-1-2&plkey=027ab8a16d1c22d79895c960bce4d92f34493443%3A1049710003;https://www.ciceksepeti.com/siyah-es-siyah-esofman-takimi-kc7898210;https://i.etsystatic.com/30909463/c/800/635/0/82/il/6cc959/3197960972/il_340x270.3197960972_rmro.jpg;https://cdn03.ciceksepeti.com/cicek/kc7898210-1/M/kisa-kollu-siyah-esofman-takimi-kc7898210-1-3d1205124846416cb76c59c68733aa53.jpg
Kısa Kollu Siyah Eşofman Takımı;Hoodie Crop Top and Joggers, Woman Black Set, Women Short Hoodie, Joggers Straight With Piping;42.9;625.98;583.08;89.895486;476.68451400000004;999.0;6.0;5.0;;https://www.etsy.com/listing/971833146/hoodie-crop-top-and-joggers-woman-black?ga_order=highest_reviews&ga_search_type=all&ga_view_type=gallery&ga_search_query=Short+Sleeve+Black+Tracksuit+Set&ref=sc_gallery-1-3&plkey=cd8e988cd753622a974e3cb09702d6ea6780e8b6%3A971833146&frs=1;https://www.ciceksepeti.com/siyah-es-siyah-esofman-takimi-kc7898210;https://i.etsystatic.com/21323864/d/il/021a82/2959530322/il_340x270.2959530322_ab9i.jpg?version=0;https://cdn03.ciceksepeti.com/cicek/kc7898210-1/M/kisa-kollu-siyah-esofman-takimi-kc7898210-1-3d1205124846416cb76c59c68733aa53.jpg
Kısa Kollu Siyah Eşofman Takımı;Women's Plus CG Slogan Loungewear Long Sleeve Top Trousers Tracksuit Set Size 8-22;42.9;273.0;230.1;41.9961;171.6039;999.0;29.0;4.48;;https://www.etsy.com/listing/941159919/womens-plus-cg-slogan-loungewear-long?ga_order=highest_reviews&ga_search_type=all&ga_view_type=gallery&ga_search_query=Short+Sleeve+Black+Tracksuit+Set&ref=sc_gallery-1-4&plkey=f93b8f6965fe7c91d8b46b19933f036280ac7e67%3A941159919;https://www.ciceksepeti.com/siyah-es-siyah-esofman-takimi-kc7898210;https://i.etsystatic.com/25069135/d/il/3d42ff/2789328084/il_340x270.2789328084_mew1.jpg?version=0;https://cdn03.ciceksepeti.com/cicek/kc7898210-1/M/kisa-kollu-siyah-esofman-takimi-kc7898210-1-3d1205124846416cb76c59c68733aa53.jpg
Kısa Kollu Siyah Eşofman Takımı;Women Ladies Short Sleeve Boxy Check Tracksuit Ribbed Loungewear Suit Set;42.9;136.44;93.53999999999999;23.464907999999998;53.575092;999.0;101.0;4.4;;https://www.etsy.com/listing/947124650/women-ladies-short-sleeve-boxy-check?ga_order=highest_reviews&ga_search_type=all&ga_view_type=gallery&ga_search_query=Short+Sleeve+Black+Tracksuit+Set&ref=sr_gallery-1-1&organic_search_click=1;https://www.ciceksepeti.com/siyah-es-siyah-esofman-takimi-kc7898210;https://i.etsystatic.com/25976784/d/il/f8cfa9/2864998008/il_340x270.2864998008_h2sw.jpg?version=0;https://cdn03.ciceksepeti.com/cicek/kc7898210-1/M/kisa-kollu-siyah-esofman-takimi-kc7898210-1-3d1205124846416cb76c59c68733aa53.jpg
Kısa Kollu Siyah Eşofman Takımı;Designer Loose Women Set/Women Maxi Outfit/Designer Pants With Blouse/Extravagant Black Outfit/Women  Cotton Set/Women Casual Tracksuit;42.9;994.41;951.51;139.891437;795.118563;999.0;811.0;4.89;;https://www.etsy.com/listing/781619711/designer-loose-women-setwomen-maxi?ga_order=highest_reviews&ga_search_type=all&ga_view_type=gallery&ga_search_query=Short+Sleeve+Black+Tracksuit+Set&ref=sr_gallery-1-2&organic_search_click=1&pro=1;https://www.ciceksepeti.com/siyah-es-siyah-esofman-takimi-kc7898210;https://i.etsystatic.com/21655793/d/il/34e9be/2202591686/il_340x270.2202591686_bsor.jpg?version=0;https://cdn03.ciceksepeti.com/cicek/kc7898210-1/M/kisa-kollu-siyah-esofman-takimi-kc7898210-1-3d1205124846416cb76c59c68733aa53.jpg
Kişiye Özel Telefon Bölmeli Deri Cüzdan;Anniversary Gift for Him,Personalized Wallet,Mens Wallet,Engraved Wallet,Custom Wallet,Leather Wallet,Boyfriend Gift For Men,Gift for Dad;29.9;250.3;220.4;38.915710000000004;164.98429;999.0;7380.0;4.92;Aynı Gün Teslimat Seçeneği;https://www.etsy.com/listing/719921371/anniversary-gift-for-himpersonalized?ga_order=highest_reviews&ga_search_type=all&ga_view_type=gallery&ga_search_query=Personalized+Leather+Wallet+with+Phone+Compartment&ref=sc_gallery-1-1&plkey=55e1cf76f277acd76f26ab85be908b867e23bf3a%3A719921371&pro=1;https://www.ciceksepeti.com/kisiye-ozel-telefon-bolmeli-deri-cuzdan-kc1898401;https://i.etsystatic.com/17860793/c/2803/2228/0/287/il/53b59c/2676570720/il_340x270.2676570720_f11e.jpg;https://cdn03.ciceksepeti.com/cicek/kc1898401-1/M/kisiye-ozel-telefon-bolmeli-deri-cuzdan-kc1898401-1-16c73ee3929f4554a7eb253a4f2836f1.jpg
Kişiye Özel Telefon Bölmeli Deri Cüzdan;Handwriting Wallet | Leather Wallet For Men | Personalized Wallet Gifts | Handwriting Gift For Him | Engraved Wallet;29.9;178.4;148.5;29.15888;102.84112;999.0;330.0;4.92;Aynı Gün Teslimat Seçeneği;https://www.etsy.com/listing/1025559267/handwriting-wallet-leather-wallet-for?ga_order=highest_reviews&ga_search_type=all&ga_view_type=gallery&ga_search_query=Personalized+Leather+Wallet+with+Phone+Compartment&ref=sc_gallery-1-2&plkey=897e0b8c09c55de697ae2eab13c9e83e28155995%3A1025559267&pro=1;https://www.ciceksepeti.com/kisiye-ozel-telefon-bolmeli-deri-cuzdan-kc1898401;https://i.etsystatic.com/26947349/c/3000/2384/0/397/il/e912ba/3180793997/il_340x270.3180793997_j0a4.jpg;https://cdn03.ciceksepeti.com/cicek/kc1898401-1/M/kisiye-ozel-telefon-bolmeli-deri-cuzdan-kc1898401-1-16c73ee3929f4554a7eb253a4f2836f1.jpg
Kişiye Özel Telefon Bölmeli Deri Cüzdan;Anniversary Gift for Him,Personalized Wallet,Mens Wallet,Engraved Wallet,Leather Wallet,Custom Wallet,Boyfriend Gift for Men,Gift for Dad;29.9;259.24;229.34;40.128868;172.71113200000002;999.0;14274.0;4.93;Aynı Gün Teslimat Seçeneği;https://www.etsy.com/listing/667282692/anniversary-gift-for-himpersonalized?ga_order=highest_reviews&ga_search_type=all&ga_view_type=gallery&ga_search_query=Personalized+Leather+Wallet+with+Phone+Compartment&ref=sc_gallery-1-3&plkey=792c70fd07f461e22b80f8967e9f485c8d5aefb5%3A667282692&pro=1;https://www.ciceksepeti.com/kisiye-ozel-telefon-bolmeli-deri-cuzdan-kc1898401;https://i.etsystatic.com/19311499/c/3000/2382/0/0/il/b4be61/1839533908/il_340x270.1839533908_lgk6.jpg;https://cdn03.ciceksepeti.com/cicek/kc1898401-1/M/kisiye-ozel-telefon-bolmeli-deri-cuzdan-kc1898401-1-16c73ee3929f4554a7eb253a4f2836f1.jpg
Kişiye Özel Telefon Bölmeli Deri Cüzdan;Venito Florence Leather Wallet Case for iPhone 12 Mini 12 Pro Max SE 2020 11 Pro Max XS Max X Xs XR 8 Plus 7 Plus 8, 7 - Coffee Brown;29.9;536.02;506.12;77.687914;411.932086;999.0;1142.0;4.86;Aynı Gün Teslimat Seçeneği;https://www.etsy.com/listing/733647195/venito-florence-leather-wallet-case-for?ga_order=highest_reviews&ga_search_type=all&ga_view_type=gallery&ga_search_query=Personalized+Leather+Wallet+with+Phone+Compartment&ref=sc_gallery-1-4&plkey=f427260a7e02930de0c6b89c4eda566dd194e1e2%3A733647195&pro=1&frs=1;https://www.ciceksepeti.com/kisiye-ozel-telefon-bolmeli-deri-cuzdan-kc1898401;https://i.etsystatic.com/19588749/d/il/bbadc1/2081095639/il_340x270.2081095639_c35e.jpg?version=0;https://cdn03.ciceksepeti.com/cicek/kc1898401-1/M/kisiye-ozel-telefon-bolmeli-deri-cuzdan-kc1898401-1-16c73ee3929f4554a7eb253a4f2836f1.jpg
Kişiye Özel Telefon Bölmeli Deri Cüzdan;Personalized Leather MagSafe Magnetic Card Holder for iPhone 12 Series, Magnetic Wallet Card Case, Magnetic Card Holder with Initials;29.9;253.63;223.73;39.367591000000004;167.86240899999999;999.0;70.0;4.81;Aynı Gün Teslimat Seçeneği;https://www.etsy.com/listing/1040801579/personalized-leather-magsafe-magnetic?ga_order=highest_reviews&ga_search_type=all&ga_view_type=gallery&ga_search_query=Personalized+Leather+Wallet+with+Phone+Compartment&ref=sr_gallery-1-1&organic_search_click=1&pro=1;https://www.ciceksepeti.com/kisiye-ozel-telefon-bolmeli-deri-cuzdan-kc1898401;https://i.etsystatic.com/19286440/d/il/d6d459/3163694878/il_340x270.3163694878_bgbn.jpg?version=1;https://cdn03.ciceksepeti.com/cicek/kc1898401-1/M/kisiye-ozel-telefon-bolmeli-deri-cuzdan-kc1898401-1-16c73ee3929f4554a7eb253a4f2836f1.jpg
Kişiye Özel Telefon Bölmeli Deri Cüzdan;Convenient wallet with two compartments and six card slots | Personalized clutch 8.3 x 4.1 inch;29.9;242.88;212.98;37.908815999999995;158.571184;999.0;556.0;4.93;Aynı Gün Teslimat Seçeneği;https://www.etsy.com/listing/602815256/convenient-wallet-with-two-compartments?ga_order=highest_reviews&ga_search_type=all&ga_view_type=gallery&ga_search_query=Personalized+Leather+Wallet+with+Phone+Compartment&ref=sr_gallery-1-2&organic_search_click=1&pro=1;https://www.ciceksepeti.com/kisiye-ozel-telefon-bolmeli-deri-cuzdan-kc1898401;https://i.etsystatic.com/17737106/c/1881/1501/726/0/il/f53a0e/1973076564/il_340x270.1973076564_f1bl.jpg;https://cdn03.ciceksepeti.com/cicek/kc1898401-1/M/kisiye-ozel-telefon-bolmeli-deri-cuzdan-kc1898401-1-16c73ee3929f4554a7eb253a4f2836f1.jpg
Kişiye Özel İsimli Mekanizmalı Gerçek Deri Erkek Cüzdanı;Shark Skin Wallet/Genuine Sharkskin/Black Shark WalletGenuine Shark Wallet/Men's Leather Wallet/Personalized Leather Wallet;69.99;1243.01;1173.02;173.62645700000002;982.8935429999999;999.0;;;Aynı Gün Teslimat Seçeneği;https://www.etsy.com/listing/1041788319/shark-skin-walletgenuine-sharkskinblack?ga_order=highest_reviews&ga_search_type=all&ga_view_type=gallery&ga_search_query=Genuine+Leather+Men%26%2339%3Bs+Wallet+with+Personalized+Name+Mechanism&ref=sc_gallery-1-1&plkey=d835cc701a5c535525374fe5b8d06bb5d7a3b0de%3A1041788319&adb=1;https://www.ciceksepeti.com/kisiye-ozel-isimli-mekanizmali-gercek-deri-erkek-cuzdani-kc308247;https://i.etsystatic.com/28181589/d/il/eda808/3215196321/il_340x270.3215196321_gpj6.jpg?version=0;https://cdn03.ciceksepeti.com/cicek/kc308247-1/M/kisiye-ozel-isimli-mekanizmali-gercek-deri-erkek-cuzdani-kc308247-1-1.jpg
Kişiye Özel İsimli Mekanizmalı Gerçek Deri Erkek Cüzdanı;Limited Edition Blue Navy Ostrich Men's Handmade Leather wallet - Genuine Leather Bifold Wallet - Front Pocket Wallet - Personalized wallet;69.99;894.25;824.26;126.299725;681.460275;999.0;22.0;4.41;Aynı Gün Teslimat Seçeneği;https://www.etsy.com/listing/978684772/limited-edition-blue-navy-ostrich-mens?ga_order=highest_reviews&ga_search_type=all&ga_view_type=gallery&ga_search_query=Genuine+Leather+Men%26%2339%3Bs+Wallet+with+Personalized+Name+Mechanism&ref=sc_gallery-1-2&plkey=8e55cc3df233a3433da8df77af9734444d93ca51%3A978684772&pro=1&adb=1;https://www.ciceksepeti.com/kisiye-ozel-isimli-mekanizmali-gercek-deri-erkek-cuzdani-kc308247;https://i.etsystatic.com/26966024/d/il/a6bcc0/3031773027/il_340x270.3031773027_ici5.jpg?version=0;https://cdn03.ciceksepeti.com/cicek/kc308247-1/M/kisiye-ozel-isimli-mekanizmali-gercek-deri-erkek-cuzdani-kc308247-1-1.jpg
Kişiye Özel İsimli Mekanizmalı Gerçek Deri Erkek Cüzdanı;Handmade Personalized Wallet Slim & Dark  for Men Made from Leather Gift for Dad, Boyfriend, Husband Designed by Prague Designers;69.99;307.62;237.63;46.694034;174.435966;999.0;;;Aynı Gün Teslimat Seçeneği;https://www.etsy.com/listing/1025198081/handmade-personalized-wallet-slim-dark?ga_order=highest_reviews&ga_search_type=all&ga_view_type=gallery&ga_search_query=Genuine+Leather+Men%26%2339%3Bs+Wallet+with+Personalized+Name+Mechanism&ref=sc_gallery-1-3&plkey=a9f575ac14484a9c252f72bde253d2f60c634fa2%3A1025198081&pro=1&frs=1&adb=1;https://www.ciceksepeti.com/kisiye-ozel-isimli-mekanizmali-gercek-deri-erkek-cuzdani-kc308247;https://i.etsystatic.com/28659743/d/il/e906d0/3104532070/il_340x270.3104532070_gqek.jpg?version=0;https://cdn03.ciceksepeti.com/cicek/kc308247-1/M/kisiye-ozel-isimli-mekanizmali-gercek-deri-erkek-cuzdani-kc308247-1-1.jpg
Kişiye Özel İsimli Mekanizmalı Gerçek Deri Erkek Cüzdanı;Personalized Leather Wallet, Genuine Leather Purse, RFID Wallet, Engraved Wallet, Leather Mens Wallet, Handmade Leather Wallet, Card Wallet;69.99;372.01;302.02;55.431757;230.08824299999998;999.0;;;Aynı Gün Teslimat Seçeneği;https://www.etsy.com/listing/1047499227/personalized-leather-wallet-genuine?ga_order=highest_reviews&ga_search_type=all&ga_view_type=gallery&ga_search_query=Genuine+Leather+Men%26%2339%3Bs+Wallet+with+Personalized+Name+Mechanism&ref=sc_gallery-1-4&plkey=17e1a2b1ecf57ab8b0a39d5fc4befb3bce0ec9e4%3A1047499227&pro=1&frs=1&adb=1;https://www.ciceksepeti.com/kisiye-ozel-isimli-mekanizmali-gercek-deri-erkek-cuzdani-kc308247;https://i.etsystatic.com/30831384/d/il/bdffda/3237379551/il_340x270.3237379551_lj6l.jpg?version=0;https://cdn03.ciceksepeti.com/cicek/kc308247-1/M/kisiye-ozel-isimli-mekanizmali-gercek-deri-erkek-cuzdani-kc308247-1-1.jpg
Kişiye Özel İsimli Mekanizmalı Gerçek Deri Erkek Cüzdanı;Personalized Mens Wallet, Valentine's Day Wallet, Engraved Wallet, Personalized Monogrammed Leather Wallet,Valentine's Day gift,Wallet;69.99;213.73;143.74;33.953161;93.28683900000001;999.0;1718.0;4.87;Aynı Gün Teslimat Seçeneği;https://www.etsy.com/listing/634344677/personalized-mens-wallet-valentines-day?ga_order=highest_reviews&ga_search_type=all&ga_view_type=gallery&ga_search_query=Genuine+Leather+Men%26%2339%3Bs+Wallet+with+Personalized+Name+Mechanism&ref=sr_gallery-1-1&organic_search_click=1&pro=1&frs=1;https://www.ciceksepeti.com/kisiye-ozel-isimli-mekanizmali-gercek-deri-erkek-cuzdani-kc308247;https://i.etsystatic.com/9965439/d/il/3247f0/1629063637/il_340x270.1629063637_r2af.jpg?version=0;https://cdn03.ciceksepeti.com/cicek/kc308247-1/M/kisiye-ozel-isimli-mekanizmali-gercek-deri-erkek-cuzdani-kc308247-1-1.jpg
Kişiye Özel İsimli Mekanizmalı Gerçek Deri Erkek Cüzdanı;Slim Leather Wallet, DATE NIGHT, Personalized Bifold Wallet, Handmade Wallet for Men, Mens birthday gift, Monogram Mens wallet;69.99;263.8;193.81;40.74766000000001;136.56234;999.0;2111.0;4.84;Aynı Gün Teslimat Seçeneği;https://www.etsy.com/listing/733018869/slim-leather-wallet-date-night?ga_order=highest_reviews&ga_search_type=all&ga_view_type=gallery&ga_search_query=Genuine+Leather+Men%26%2339%3Bs+Wallet+with+Personalized+Name+Mechanism&ref=sr_gallery-1-2&organic_search_click=1&pro=1;https://www.ciceksepeti.com/kisiye-ozel-isimli-mekanizmali-gercek-deri-erkek-cuzdani-kc308247;https://i.etsystatic.com/20986259/d/il/efbe9e/1992954590/il_340x270.1992954590_gjtc.jpg?version=0;https://cdn03.ciceksepeti.com/cicek/kc308247-1/M/kisiye-ozel-isimli-mekanizmali-gercek-deri-erkek-cuzdani-kc308247-1-1.jpg
Dört İsimli Kişiye Özel Kalpler Gümüş Kolye;Personalized Name Necklace,925 Silver Sterling Necklace, Custom Gold Name Necklace, Mothers Necklace, Personalized Jewelry, Grandma Gift;79.9;136.44;56.53999999999999;23.464907999999998;16.575091999999994;999.0;;;Aynı Gün Teslimat Seçeneği;https://www.etsy.com/listing/1047118209/personalized-name-necklace925-silver?ga_order=highest_reviews&ga_search_type=all&ga_view_type=gallery&ga_search_query=Four+Names+Personalized+Hearts+Sterling+Silver+Necklace&ref=sc_gallery-1-1&plkey=3b47095c724624c9011eeebe427bd149fac69698%3A1047118209&pro=1;https://www.ciceksepeti.com/dort-isimli-kisiye-ozel-kalpler-gumus-kolye-kc791264;https://i.etsystatic.com/27193567/d/il/e2ecd9/3235851835/il_340x270.3235851835_jhxq.jpg?version=0;https://cdn03.ciceksepeti.com/cicek/kc791264-1/M/dort-isimli-kisiye-ozel-kalpler-gumus-kolye-kc791264-1-1.jpg
Dört İsimli Kişiye Özel Kalpler Gümüş Kolye;Personalized Name Heart Necklace/Customized Opened Necklaces in Sterling Silver,Gold Plated/Personalized Gift/Gift for Woman/Birthday Gift;79.9;218.11;138.21;34.547527;87.162473;999.0;;;Aynı Gün Teslimat Seçeneği;https://www.etsy.com/listing/1044825541/personalized-name-heart?ga_order=highest_reviews&ga_search_type=all&ga_view_type=gallery&ga_search_query=Four+Names+Personalized+Hearts+Sterling+Silver+Necklace&ref=sc_gallery-1-2&plkey=d7870ff63812f2ae44add3dae92ee04a91947519%3A1044825541&pro=1;https://www.ciceksepeti.com/dort-isimli-kisiye-ozel-kalpler-gumus-kolye-kc791264;https://i.etsystatic.com/28269764/c/492/391/54/0/il/4c12cc/3226927889/il_340x270.3226927889_i5ww.jpg;https://cdn03.ciceksepeti.com/cicek/kc791264-1/M/dort-isimli-kisiye-ozel-kalpler-gumus-kolye-kc791264-1-1.jpg
Dört İsimli Kişiye Özel Kalpler Gümüş Kolye;Personalized Name Necklace Sterling Silver New Mom Bridesmaid Gift Jewelry for Women;79.9;148.89;68.98999999999998;25.154373;27.33562699999998;999.0;;;Aynı Gün Teslimat Seçeneği;https://www.etsy.com/listing/1028008806/personalized-name-necklace-sterling?ga_order=highest_reviews&ga_search_type=all&ga_view_type=gallery&ga_search_query=Four+Names+Personalized+Hearts+Sterling+Silver+Necklace&ref=sc_gallery-1-3&plkey=5b03e4ed7c219c27f1cfb6f9047e1691b0bf2a8b%3A1028008806&pro=1;https://www.ciceksepeti.com/dort-isimli-kisiye-ozel-kalpler-gumus-kolye-kc791264;https://i.etsystatic.com/30066024/d/il/15ab58/3215932703/il_340x270.3215932703_i1zk.jpg?version=0;https://cdn03.ciceksepeti.com/cicek/kc791264-1/M/dort-isimli-kisiye-ozel-kalpler-gumus-kolye-kc791264-1-1.jpg
Dört İsimli Kişiye Özel Kalpler Gümüş Kolye;Personalized Name Necklace, Sterling Silver/Gold/Rose Gold, Gift for Her, Custom Necklace, Dainty Necklace, Birthday Gift, Bridesmaid Gift;79.9;258.44;178.54;40.020308;122.01969199999999;999.0;38.0;4.63;Aynı Gün Teslimat Seçeneği;https://www.etsy.com/listing/1046754315/personalized-name-necklace-sterling?ga_order=highest_reviews&ga_search_type=all&ga_view_type=gallery&ga_search_query=Four+Names+Personalized+Hearts+Sterling+Silver+Necklace&ref=sc_gallery-1-4&plkey=25bb6778921f2e1ec9bf50a88c0cc3be994f590d%3A1046754315&pro=1&frs=1;https://www.ciceksepeti.com/dort-isimli-kisiye-ozel-kalpler-gumus-kolye-kc791264;https://i.etsystatic.com/28575344/c/1769/1406/98/408/il/b14120/3186779310/il_340x270.3186779310_9mf3.jpg;https://cdn03.ciceksepeti.com/cicek/kc791264-1/M/dort-isimli-kisiye-ozel-kalpler-gumus-kolye-kc791264-1-1.jpg
Dört İsimli Kişiye Özel Kalpler Gümüş Kolye;Clover Necklace, Four Leaf Clover Necklace with Initial Heart Charm, Sterling Silver Personalized Necklace Necklace;79.9;339.82;259.91999999999996;51.063573999999996;192.35642599999997;999.0;3049.0;4.35;Aynı Gün Teslimat Seçeneği;https://www.etsy.com/listing/192224590/clover-necklace-four-leaf-clover?ga_order=highest_reviews&ga_search_type=all&ga_view_type=gallery&ga_search_query=Four+Names+Personalized+Hearts+Sterling+Silver+Necklace&ref=sr_gallery-1-1&organic_search_click=1&frs=1;https://www.ciceksepeti.com/dort-isimli-kisiye-ozel-kalpler-gumus-kolye-kc791264;https://i.etsystatic.com/9404556/d/il/d7c14b/611948500/il_340x270.611948500_2al9.jpg?version=1;https://cdn03.ciceksepeti.com/cicek/kc791264-1/M/dort-isimli-kisiye-ozel-kalpler-gumus-kolye-kc791264-1-1.jpg
Dört İsimli Kişiye Özel Kalpler Gümüş Kolye;Initial Necklace-One Two Three or Four Personalized Charms-Custom Engraved Heart/Dog Paw/Baby Feet-Gold Filled, Rose Sterling Silver-CG244N;79.9;223.56;143.66;35.287092;91.872908;999.0;4070.0;4.82;Aynı Gün Teslimat Seçeneği;https://www.etsy.com/listing/511993029/initial-necklace-one-two-three-or-four?ga_order=highest_reviews&ga_search_type=all&ga_view_type=gallery&ga_search_query=Four+Names+Personalized+Hearts+Sterling+Silver+Necklace&ref=sr_gallery-1-2&organic_search_click=1;https://www.ciceksepeti.com/dort-isimli-kisiye-ozel-kalpler-gumus-kolye-kc791264;https://i.etsystatic.com/13342537/c/1000/794/0/138/il/bb04c1/1333204130/il_340x270.1333204130_1srx.jpg;https://cdn03.ciceksepeti.com/cicek/kc791264-1/M/dort-isimli-kisiye-ozel-kalpler-gumus-kolye-kc791264-1-1.jpg
Kişiye Özel İsimli Metal Çakmak Benzinli Zippo;Full Name Monogram Matte Black Zippo Cigar Lighter - Black Metal Lighter with Personalized Engraving;19.99;223.56;203.57;35.287092;151.782908;999.0;1647.0;4.83;Aynı Gün Teslimat Seçeneği;https://www.etsy.com/listing/679757007/full-name-monogram-matte-black-zippo?ga_order=highest_reviews&ga_search_type=all&ga_view_type=gallery&ga_search_query=Personalized+Name+Metal+Lighter+Gasoline+Zippo&ref=sc_gallery-1-1&plkey=48475b4b1035983459829b30e893b83ec95c9695%3A679757007;https://www.ciceksepeti.com/kisiye-ozel-isimli-metal-cakmak-benzinli-zippo-kc71048;https://i.etsystatic.com/12334423/d/il/3793f9/1766145532/il_340x270.1766145532_gton.jpg?version=0;https://cdn03.ciceksepeti.com/cicek/kc71048-1/M/kisiye-ozel-simli-metal-cakmak-benzinli-zippo-kc71048-1-9b3e0f54f8694a64a2a6b15f2064bc3d.jpg
Kişiye Özel İsimli Metal Çakmak Benzinli Zippo;Lighter lighters for men engraved Personalised Name Laser Printed Lighter, Clipper Lighter;19.99;223.56;203.57;35.287092;151.782908;999.0;4.0;5.0;Aynı Gün Teslimat Seçeneği;https://www.etsy.com/listing/902663718/lighter-lighters-for-men-engraved?ga_order=highest_reviews&ga_search_type=all&ga_view_type=gallery&ga_search_query=Personalized+Name+Metal+Lighter+Gasoline+Zippo&ref=sc_gallery-1-2&plkey=935c2ef96426f36ec3e078a2678036ff7734cf7d%3A902663718&frs=1;https://www.ciceksepeti.com/kisiye-ozel-isimli-metal-cakmak-benzinli-zippo-kc71048;https://i.etsystatic.com/26351731/d/il/35e11f/2754891569/il_340x270.2754891569_t3st.jpg?version=0;https://cdn03.ciceksepeti.com/cicek/kc71048-1/M/kisiye-ozel-simli-metal-cakmak-benzinli-zippo-kc71048-1-9b3e0f54f8694a64a2a6b15f2064bc3d.jpg
Kişiye Özel İsimli Metal Çakmak Benzinli Zippo;Genuine Zippo Black Leather Pouch Lighter belt clip. Personalize the Zippo Pouch free on the metal belt clip.;19.99;187.7;167.70999999999998;30.42089;120.78910999999998;999.0;117.0;4.86;Aynı Gün Teslimat Seçeneği;https://www.etsy.com/listing/256760778/genuine-zippo-black-leather-pouch?ga_order=highest_reviews&ga_search_type=all&ga_view_type=gallery&ga_search_query=Personalized+Name+Metal+Lighter+Gasoline+Zippo&ref=sc_gallery-1-3&plkey=0d55f3aa4f465138b98f439f5a707e10a405e70c%3A256760778;https://www.ciceksepeti.com/kisiye-ozel-isimli-metal-cakmak-benzinli-zippo-kc71048;https://i.etsystatic.com/9150118/d/il/c2c4b7/870852496/il_340x270.870852496_pfa5.jpg?version=0;https://cdn03.ciceksepeti.com/cicek/kc71048-1/M/kisiye-ozel-simli-metal-cakmak-benzinli-zippo-kc71048-1-9b3e0f54f8694a64a2a6b15f2064bc3d.jpg
Kişiye Özel İsimli Metal Çakmak Benzinli Zippo;Full Name Monogram Matte Red Zippo Lighter - Cigarette Lighter with Free Engraving;19.99;223.56;203.57;35.287092;151.782908;999.0;1647.0;4.83;Aynı Gün Teslimat Seçeneği;https://www.etsy.com/listing/678936009/full-name-monogram-matte-red-zippo?ga_order=highest_reviews&ga_search_type=all&ga_view_type=gallery&ga_search_query=Personalized+Name+Metal+Lighter+Gasoline+Zippo&ref=sc_gallery-1-4&plkey=0874de85c315e394abe5c9e8b40cc214d72ad56d%3A678936009;https://www.ciceksepeti.com/kisiye-ozel-isimli-metal-cakmak-benzinli-zippo-kc71048;https://i.etsystatic.com/12334423/d/il/13c804/1810083833/il_340x270.1810083833_lhbw.jpg?version=0;https://cdn03.ciceksepeti.com/cicek/kc71048-1/M/kisiye-ozel-simli-metal-cakmak-benzinli-zippo-kc71048-1-9b3e0f54f8694a64a2a6b15f2064bc3d.jpg
Kişiye Özel İsimli Metal Çakmak Benzinli Zippo;Full Name Monogram Matte Black Zippo Cigar Lighter - Black Metal Lighter with Personalized Engraving;19.99;223.56;203.57;35.287092;151.782908;999.0;1647.0;4.83;Aynı Gün Teslimat Seçeneği;https://www.etsy.com/listing/679757007/full-name-monogram-matte-black-zippo?ga_order=highest_reviews&ga_search_type=all&ga_view_type=gallery&ga_search_query=Personalized+Name+Metal+Lighter+Gasoline+Zippo&ref=sr_gallery-1-1&organic_search_click=1;https://www.ciceksepeti.com/kisiye-ozel-isimli-metal-cakmak-benzinli-zippo-kc71048;https://i.etsystatic.com/12334423/d/il/3793f9/1766145532/il_340x270.1766145532_gton.jpg?version=0;https://cdn03.ciceksepeti.com/cicek/kc71048-1/M/kisiye-ozel-simli-metal-cakmak-benzinli-zippo-kc71048-1-9b3e0f54f8694a64a2a6b15f2064bc3d.jpg
Kişiye Özel İsimli Metal Çakmak Benzinli Zippo;Full Name Monogram Pink Zippo Lighter - Custom Monogrammed Pink Lighter for Her;19.99;223.56;203.57;35.287092;151.782908;999.0;1647.0;4.83;Aynı Gün Teslimat Seçeneği;https://www.etsy.com/listing/666340932/full-name-monogram-pink-zippo-lighter?ga_order=highest_reviews&ga_search_type=all&ga_view_type=gallery&ga_search_query=Personalized+Name+Metal+Lighter+Gasoline+Zippo&ref=sr_gallery-1-2&organic_search_click=1;https://www.ciceksepeti.com/kisiye-ozel-isimli-metal-cakmak-benzinli-zippo-kc71048;https://i.etsystatic.com/12334423/d/il/2a774e/1767940016/il_340x270.1767940016_knvj.jpg?version=0;https://cdn03.ciceksepeti.com/cicek/kc71048-1/M/kisiye-ozel-simli-metal-cakmak-benzinli-zippo-kc71048-1-9b3e0f54f8694a64a2a6b15f2064bc3d.jpg
Altın Kaplama Kişiye Özel Kalp Melek Kanadı Kolye;Birthstone Angel Wing Necklace for Women, Custom Personalized Gift for Her, Memorial Necklace, Dainty Mothers Day Gift;29.89;411.36;381.47;60.771552;304.19844800000004;997;8541.0;4.76;Aynı Gün Teslimat Seçeneği;https://www.etsy.com/listing/1018699509/birthstone-angel-wing-necklace-for-women?ga_order=highest_reviews&ga_search_type=all&ga_view_type=gallery&ga_search_query=Gold+Plated+Personalized+Heart+Angel+Wing+Necklace&ref=sc_gallery-1-1&plkey=25d88489b4c32d9f176b3b0411a721bc3fd5d16e%3A1018699509;https://www.ciceksepeti.com/24-ayar-altin-kaplama-kisiye-ozel-melek-kanadi-kolye-kc369884;https://i.etsystatic.com/10230423/d/il/bd49bf/3080046348/il_340x270.3080046348_7k1t.jpg?version=0;https://cdn03.ciceksepeti.com/cicek/kc369884-1/M/altin-kaplama-kisiye-ozel-kalp-melek-kanadi-kolye-kc369884-1-8d10cf89943345dd882234531c9c56d8.jpg
Altın Kaplama Kişiye Özel Kalp Melek Kanadı Kolye;Pink Heart Necklace, Gold necklace, Angel Wing Necklace, Angel Necklace, Guardian Angel Gift;29.89;353.82;323.93;52.963373999999995;254.46662600000002;997;157.0;4.96;Aynı Gün Teslimat Seçeneği;https://www.etsy.com/listing/976196757/pink-heart-necklace-gold-necklace-angel?ga_order=highest_reviews&ga_search_type=all&ga_view_type=gallery&ga_search_query=Gold+Plated+Personalized+Heart+Angel+Wing+Necklace&ref=sc_gallery-1-2&plkey=742487626b5ce9a1f76b3a04772fed2d469430f2%3A976196757;https://www.ciceksepeti.com/24-ayar-altin-kaplama-kisiye-ozel-melek-kanadi-kolye-kc369884;https://i.etsystatic.com/9699053/c/1886/1499/185/257/il/858fdc/2926295304/il_340x270.2926295304_cy1p.jpg;https://cdn03.ciceksepeti.com/cicek/kc369884-1/M/altin-kaplama-kisiye-ozel-kalp-melek-kanadi-kolye-kc369884-1-8d10cf89943345dd882234531c9c56d8.jpg
Altın Kaplama Kişiye Özel Kalp Melek Kanadı Kolye;Gold Plated Angel Wings Diamond Crystal Necklace, Wing Pendant, Angel Pendant, Stainless Steel Gold Plated Necklace, Dainty Gold Necklace;29.89;173.81;143.92000000000002;28.536017;98.88398300000001;997;;;Aynı Gün Teslimat Seçeneği;https://www.etsy.com/listing/1028984698/gold-plated-angel-wings-diamond-crystal?ga_order=highest_reviews&ga_search_type=all&ga_view_type=gallery&ga_search_query=Gold+Plated+Personalized+Heart+Angel+Wing+Necklace&ref=sc_gallery-1-3&plkey=b3a2f8d69869a7af1bd1662b8dd885e7ac2f42f7%3A1028984698;https://www.ciceksepeti.com/24-ayar-altin-kaplama-kisiye-ozel-melek-kanadi-kolye-kc369884;https://i.etsystatic.com/30435383/c/2367/1881/263/465/il/56e1b4/3219798955/il_340x270.3219798955_axpb.jpg;https://cdn03.ciceksepeti.com/cicek/kc369884-1/M/altin-kaplama-kisiye-ozel-kalp-melek-kanadi-kolye-kc369884-1-8d10cf89943345dd882234531c9c56d8.jpg
Altın Kaplama Kişiye Özel Kalp Melek Kanadı Kolye;"pregnancy bola plated rose gold ""reed""";29.89;477.15;447.26;69.69925500000001;361.060745;997;1870.0;4.92;Aynı Gün Teslimat Seçeneği;https://www.etsy.com/listing/982781681/pregnancy-bola-plated-rose-gold-reed?ga_order=highest_reviews&ga_search_type=all&ga_view_type=gallery&ga_search_query=Gold+Plated+Personalized+Heart+Angel+Wing+Necklace&ref=sc_gallery-1-4&plkey=d9dc54f770f9304466639793b6531cb87c0f13ca%3A982781681;https://www.ciceksepeti.com/24-ayar-altin-kaplama-kisiye-ozel-melek-kanadi-kolye-kc369884;https://i.etsystatic.com/14256315/c/810/641/161/517/il/ac8801/2948297182/il_340x270.2948297182_sqvx.jpg;https://cdn03.ciceksepeti.com/cicek/kc369884-1/M/altin-kaplama-kisiye-ozel-kalp-melek-kanadi-kolye-kc369884-1-8d10cf89943345dd882234531c9c56d8.jpg
Altın Kaplama Kişiye Özel Kalp Melek Kanadı Kolye;Guardian Angel Wing With Heart Pendant Gold Plated Pendant Personalised Engraved Name Necklace;29.89;161.27;131.38;26.834339000000007;88.045661;997;1308.0;4.55;Aynı Gün Teslimat Seçeneği;https://www.etsy.com/listing/263860035/guardian-angel-wing-with-heart-pendant?ga_order=highest_reviews&ga_search_type=all&ga_view_type=gallery&ga_search_query=Gold+Plated+Personalized+Heart+Angel+Wing+Necklace&ref=sr_gallery-1-1&organic_search_click=1;https://www.ciceksepeti.com/24-ayar-altin-kaplama-kisiye-ozel-melek-kanadi-kolye-kc369884;https://i.etsystatic.com/12349377/d/il/31a84d/903491588/il_340x270.903491588_hnzc.jpg?version=1;https://cdn03.ciceksepeti.com/cicek/kc369884-1/M/altin-kaplama-kisiye-ozel-kalp-melek-kanadi-kolye-kc369884-1-8d10cf89943345dd882234531c9c56d8.jpg
Altın Kaplama Kişiye Özel Kalp Melek Kanadı Kolye;Gemstone Black Wings, Personalized Angel Wings Necklace, Cursive Name Jewelry, Wings Heart Pendant, Gift for Moms, Best Gift for Her;29.89;447.13;417.24;65.625541;335.114459;997;1.0;5.0;Aynı Gün Teslimat Seçeneği;https://www.etsy.com/listing/977166962/gemstone-black-wings-personalized-angel?ga_order=highest_reviews&ga_search_type=all&ga_view_type=gallery&ga_search_query=Gold+Plated+Personalized+Heart+Angel+Wing+Necklace&ref=sr_gallery-1-2&organic_search_click=1&frs=1&col=1;https://www.ciceksepeti.com/24-ayar-altin-kaplama-kisiye-ozel-melek-kanadi-kolye-kc369884;https://i.etsystatic.com/27750912/d/il/c642b3/2978619434/il_340x270.2978619434_cgrf.jpg?version=0;https://cdn03.ciceksepeti.com/cicek/kc369884-1/M/altin-kaplama-kisiye-ozel-kalp-melek-kanadi-kolye-kc369884-1-8d10cf89943345dd882234531c9c56d8.jpg
İsimli Çakmak ve Tesbih Kişiye Özel;Personalizable Tiger Eye Tesbih with Velvet Cover Box. Tesbih with Name and Gift Box. Gemstone Prayer Beads for Muslim.;55.9;265.5;209.6;40.97835;152.12165;957;41.0;4.88;Ücretsiz Kargo;https://www.etsy.com/listing/1050265191/personalizable-tiger-eye-tesbih-with?ga_order=highest_reviews&ga_search_type=all&ga_view_type=gallery&ga_search_query=Named+Lighter+and+Rosary+Personalized&ref=sc_gallery-1-1&plkey=9592e8dc4f7d66712a2b919975986a820fb1b509%3A1050265191&pro=1&frs=1;https://www.ciceksepeti.com/isimli-cakmak-ve-tesbih-kisiye-ozel-kc7604323;https://i.etsystatic.com/23948166/c/2250/1788/0/221/il/835ea4/3200140688/il_340x270.3200140688_n5z4.jpg;https://cdn03.ciceksepeti.com/cicek/kc7604323-1/M/Isimli-cakmak-ve-tesbih-kisiye-ozel-kc7604323-1-5e528f6220944c9d9d36abdfa9875690.jpg
İsimli Çakmak ve Tesbih Kişiye Özel;Rosary, Catholic Rosary, personalized Rosary, gemstone Rosary, baptism gift, communion gift, reconciliation gift, confirmation gift;55.9;322.85;266.95000000000005;48.760745;201.68925500000006;957;574.0;4.6;Ücretsiz Kargo;https://www.etsy.com/listing/949094270/rosary-catholic-rosary-personalized?ga_order=highest_reviews&ga_search_type=all&ga_view_type=gallery&ga_search_query=Named+Lighter+and+Rosary+Personalized&ref=sc_gallery-1-2&plkey=9bc42ce77d57b524246ea5d4111a8fae8eb5eb0a%3A949094270;https://www.ciceksepeti.com/isimli-cakmak-ve-tesbih-kisiye-ozel-kc7604323;https://i.etsystatic.com/10316917/d/il/baa398/2872643650/il_340x270.2872643650_db21.jpg?version=0;https://cdn03.ciceksepeti.com/cicek/kc7604323-1/M/Isimli-cakmak-ve-tesbih-kisiye-ozel-kc7604323-1-5e528f6220944c9d9d36abdfa9875690.jpg
İsimli Çakmak ve Tesbih Kişiye Özel;925 Sterling Silver Tasbih, Handmade Personalized, Named Tasbih, Prayer Beads, Gift Rosary;55.9;764.59;708.69;108.704863;583.485137;957;60.0;4.92;Ücretsiz Kargo;https://www.etsy.com/listing/928506498/925-sterling-silver-tasbih-handmade?ga_order=highest_reviews&ga_search_type=all&ga_view_type=gallery&ga_search_query=Named+Lighter+and+Rosary+Personalized&ref=sc_gallery-1-3&plkey=fe6f4ab37c803a01762a6045bfd71b12f549b8d7%3A928506498&pro=1&frs=1;https://www.ciceksepeti.com/isimli-cakmak-ve-tesbih-kisiye-ozel-kc7604323;https://i.etsystatic.com/25081048/d/il/1aae68/3194440084/il_340x270.3194440084_m1ia.jpg?version=0;https://cdn03.ciceksepeti.com/cicek/kc7604323-1/M/Isimli-cakmak-ve-tesbih-kisiye-ozel-kc7604323-1-5e528f6220944c9d9d36abdfa9875690.jpg
İsimli Çakmak ve Tesbih Kişiye Özel;Girl's Baptism Rosary Personalized Girl Communion Rosary Catholic Rosary Gift with Sterling Silver 925 Letters Swarovski® PinkPearls;55.9;434.51;378.61;63.913007;298.196993;957;1164.0;4.79;Ücretsiz Kargo;https://www.etsy.com/listing/231622323/girls-baptism-rosary-personalized-girl?ga_order=highest_reviews&ga_search_type=all&ga_view_type=gallery&ga_search_query=Named+Lighter+and+Rosary+Personalized&ref=sc_gallery-1-4&plkey=9334836dcd70c9946c8ac83bcce5a6fb51001c49%3A231622323;https://www.ciceksepeti.com/isimli-cakmak-ve-tesbih-kisiye-ozel-kc7604323;https://i.etsystatic.com/9298935/c/1621/1285/83/69/il/e6ba02/2941058399/il_340x270.2941058399_qknc.jpg;https://cdn03.ciceksepeti.com/cicek/kc7604323-1/M/Isimli-cakmak-ve-tesbih-kisiye-ozel-kc7604323-1-5e528f6220944c9d9d36abdfa9875690.jpg
İsimli Çakmak ve Tesbih Kişiye Özel;Pocket Watch , Special Oltu Stone Rosary and Lighter or Wallet Personalization Set Wedding Gift Valentine's Day;55.9;1216.18;1160.28;169.98562600000002;973.794374;957;20.0;5.0;Ücretsiz Kargo;https://www.etsy.com/listing/958303553/pocket-watch-special-oltu-stone-rosary?ga_order=highest_reviews&ga_search_type=all&ga_view_type=gallery&ga_search_query=Named+Lighter+and+Rosary+Personalized&ref=sr_gallery-1-1&organic_search_click=1&pro=1;https://www.ciceksepeti.com/isimli-cakmak-ve-tesbih-kisiye-ozel-kc7604323;https://i.etsystatic.com/25128623/c/2000/1589/0/623/il/c47552/2854137256/il_340x270.2854137256_eo0p.jpg;https://cdn03.ciceksepeti.com/cicek/kc7604323-1/M/Isimli-cakmak-ve-tesbih-kisiye-ozel-kc7604323-1-5e528f6220944c9d9d36abdfa9875690.jpg
İsimli Çakmak ve Tesbih Kişiye Özel;Pocket Watch , Amber Rosary And Surmene Knife Personalization Set Wedding Gift Valentine's Day;55.9;1216.18;1160.28;169.98562600000002;973.794374;957;20.0;5.0;Ücretsiz Kargo;https://www.etsy.com/listing/958314181/pocket-watch-amber-rosary-and-surmene?ga_order=highest_reviews&ga_search_type=all&ga_view_type=gallery&ga_search_query=Named+Lighter+and+Rosary+Personalized&ref=sr_gallery-1-2&organic_search_click=1&pro=1;https://www.ciceksepeti.com/isimli-cakmak-ve-tesbih-kisiye-ozel-kc7604323;https://i.etsystatic.com/25128623/d/il/fe408a/2901893379/il_340x270.2901893379_cfrb.jpg?version=0;https://cdn03.ciceksepeti.com/cicek/kc7604323-1/M/Isimli-cakmak-ve-tesbih-kisiye-ozel-kc7604323-1-5e528f6220944c9d9d36abdfa9875690.jpg
Kişiye Özel Fotoğraflı Cüzdan Çakmak Anahtarlık Tesbih  Ve Kemer Set;Personalized Photo Wallet Cigarette Lighter Keychain Rosary And Belt Set For Father's Day;59.9;536.46;476.56000000000006;77.747622;382.3123780000001;935;;;Aynı Gün Teslimat Seçeneği;https://www.etsy.com/listing/1003479036/personalized-photo-wallet-cigarette?ga_order=highest_reviews&ga_search_type=all&ga_view_type=gallery&ga_search_query=Personalized+Photo+Wallet+Lighter+Keychain+Rosary+And+Belt+Set&ref=sr_gallery-1-1&organic_search_click=1&frs=1;https://www.ciceksepeti.com/kisiye-ozel-fotografli-cuzdan-cakmak-kalem-ve-kemer-set-kc8248554;https://i.etsystatic.com/29718053/d/il/b4a34a/3123153993/il_340x270.3123153993_pr7c.jpg?version=0;https://cdn03.ciceksepeti.com/cicek/kc8248554-1/M/kisiye-ozel-fotografli-cuzdan-cakmak-anahtarlik-tesbih-ve-kemer-set-kc8248554-1-71ef953c7b374a1e903bc6d26084184a.jpg
Kartlıklı Cüzdan - TESBİH VE ANAHTARLIK HEDİYE!;Personalised Men’s Wallet - Gift For Men - Card Holder - Christmas Gift - Dad Gift;19.9;186.1;166.2;30.203770000000002;119.49622999999998;918;232.0;4.82;;https://www.etsy.com/listing/1042841321/personalised-mens-wallet-gift-for-men?ga_order=highest_reviews&ga_search_type=all&ga_view_type=gallery&ga_search_query=Card+Holder+Wallet+-+Rosary+AND+KEYRING+GIFT%21&ref=sc_gallery-1-1&plkey=9a837a9b1184b7ee1c3ab02678de2a5069c63ddc%3A1042841321;https://www.ciceksepeti.com/cuzdan-kartlik-anahtarlik-hediye-kc2348970;https://i.etsystatic.com/23117295/d/il/a80a45/3171698962/il_340x270.3171698962_emid.jpg?version=0;https://cdn03.ciceksepeti.com/cicek/kc2348970-1/M/cuzdan-kartlik-anahtarlk-hedye-kc2348970-1-f7120fae896d4518b380eae0c6541306.jpg
Kartlıklı Cüzdan - TESBİH VE ANAHTARLIK HEDİYE!;Personalised wallet - personalised wallets - personalised card holder - gift ideas - personalised gift idea - wallets - black wallet;19.9;161.27;141.37;26.834339000000007;98.035661;918;539.0;4.85;;https://www.etsy.com/listing/773117913/personalised-wallet-personalised-wallets?ga_order=highest_reviews&ga_search_type=all&ga_view_type=gallery&ga_search_query=Card+Holder+Wallet+-+Rosary+AND+KEYRING+GIFT%21&ref=sc_gallery-1-2&plkey=4192f1e7a026806e669efaa43c63e3885b75f905%3A773117913&frs=1;https://www.ciceksepeti.com/cuzdan-kartlik-anahtarlik-hediye-kc2348970;https://i.etsystatic.com/10462584/d/il/caba96/2212145551/il_340x270.2212145551_atgs.jpg?version=0;https://cdn03.ciceksepeti.com/cicek/kc2348970-1/M/cuzdan-kartlik-anahtarlk-hedye-kc2348970-1-f7120fae896d4518b380eae0c6541306.jpg
Kartlıklı Cüzdan - TESBİH VE ANAHTARLIK HEDİYE!;Greenwood Mens wallet - RFID Leather Wallet - Vintage Brown - Cash and Coin Holder - Card Case - Bi-Fold - Slim Wallet - Men Leather Wallet;19.9;267.7;247.79999999999998;41.27689;190.02310999999997;918;35.0;4.97;;https://www.etsy.com/listing/1036181884/greenwood-mens-wallet-rfid-leather?ga_order=highest_reviews&ga_search_type=all&ga_view_type=gallery&ga_search_query=Card+Holder+Wallet+-+Rosary+AND+KEYRING+GIFT%21&ref=sc_gallery-1-3&plkey=169b8ce7e8835ec98cc5c0bdcfc31a86b13b6a4c%3A1036181884;https://www.ciceksepeti.com/cuzdan-kartlik-anahtarlik-hediye-kc2348970;https://i.etsystatic.com/24500405/d/il/b31e44/3199689316/il_340x270.3199689316_1nyq.jpg?version=0;https://cdn03.ciceksepeti.com/cicek/kc2348970-1/M/cuzdan-kartlik-anahtarlk-hedye-kc2348970-1-f7120fae896d4518b380eae0c6541306.jpg
Kartlıklı Cüzdan - TESBİH VE ANAHTARLIK HEDİYE!;Minimalist Mens Card Holder Wallet - Tuck fold - Full grain Italian Buttero leather - EDC Card Holder - Fathers Day gift;19.9;347.61;327.71000000000004;52.120677;259.08932300000004;918;251.0;4.76;;https://www.etsy.com/listing/1038693741/minimalist-mens-card-holder-wallet-tuck?ga_order=highest_reviews&ga_search_type=all&ga_view_type=gallery&ga_search_query=Card+Holder+Wallet+-+Rosary+AND+KEYRING+GIFT%21&ref=sc_gallery-1-4&plkey=29c665534d68ab1c72f989d1a62ffdaa0f06b172%3A1038693741&pro=1&frs=1&col=1;https://www.ciceksepeti.com/cuzdan-kartlik-anahtarlik-hediye-kc2348970;https://i.etsystatic.com/23149447/d/il/cfff61/3155929322/il_340x270.3155929322_l6kn.jpg?version=0;https://cdn03.ciceksepeti.com/cicek/kc2348970-1/M/cuzdan-kartlik-anahtarlk-hedye-kc2348970-1-f7120fae896d4518b380eae0c6541306.jpg
Kartlıklı Cüzdan - TESBİH VE ANAHTARLIK HEDİYE!;Leather CARD HOLDER wallet Small leather wallet Mini leather wallet Personalized card holder Gift for him Small wallet purse Mens wallet;19.9;160.97;141.07;26.793629;97.776371;918;378.0;4.68;;https://www.etsy.com/listing/712501260/leather-card-holder-wallet-small-leather?ga_order=highest_reviews&ga_search_type=all&ga_view_type=gallery&ga_search_query=Card+Holder+Wallet+-+Rosary+AND+KEYRING+GIFT%21&ref=sr_gallery-1-1&organic_search_click=1&col=1;https://www.ciceksepeti.com/cuzdan-kartlik-anahtarlik-hediye-kc2348970;https://i.etsystatic.com/12388889/d/il/029d3a/2011750393/il_340x270.2011750393_hxlg.jpg?version=0;https://cdn03.ciceksepeti.com/cicek/kc2348970-1/M/cuzdan-kartlik-anahtarlk-hedye-kc2348970-1-f7120fae896d4518b380eae0c6541306.jpg
Kartlıklı Cüzdan - TESBİH VE ANAHTARLIK HEDİYE!;Minimalist Leather Card Holder Wallet for Men and Women, Black Small Credit Cardholder;19.9;215.87;195.97;34.243559000000005;145.226441;918;255.0;4.94;;https://www.etsy.com/listing/657107239/minimalist-leather-card-holder-wallet?ga_order=highest_reviews&ga_search_type=all&ga_view_type=gallery&ga_search_query=Card+Holder+Wallet+-+Rosary+AND+KEYRING+GIFT%21&ref=sr_gallery-1-2&organic_search_click=1&pro=1;https://www.ciceksepeti.com/cuzdan-kartlik-anahtarlik-hediye-kc2348970;https://i.etsystatic.com/11585807/c/1523/1210/429/279/il/8cb341/2105123267/il_340x270.2105123267_hl3y.jpg;https://cdn03.ciceksepeti.com/cicek/kc2348970-1/M/cuzdan-kartlik-anahtarlk-hedye-kc2348970-1-f7120fae896d4518b380eae0c6541306.jpg
